id,conversation_id,created_at,date,timezone,place,tweet,language,hashtags,cashtags,user_id,user_id_str,username,name,day,hour,link,urls,photos,video,thumbnail,retweet,nlikes,nreplies,nretweets,quote_url,search,near,geo,source,user_rt_id,user_rt,retweet_id,reply_to,retweet_date,translate,trans_src,trans_dest
1589315089601294336,1589276202392748032,1667757220000.0,2022-11-06 17:53:40,+0000,,"20. Sejauh ini, pemerintah belum ada memberikan larangan spesifik bagi paham Wahabi yg ada di Indonesia. Hal ini jelas menjadi suatu atensi bagi pemerintah saat ini. Karna paham ini menganut system yg tidak menerima inovasi.",in,[],[],1588400629805817856,1588400629805817856,burdigala88,Burdigala,7,17,https://twitter.com/burdigala88/status/1589315089601294336,[],[],0,,False,1,0,0,,larangan wahabi,,,,,,,[],,,,
1589132256265764865,1589132256265764865,1667713629000.0,2022-11-06 05:47:09,+0000,,PBNU: Tak Ada Persetujuan Ketum &amp; Rais Aam soal Larangan Wahabi di RI ‚Äì CNN Indonesia ‚Äì  https://t.co/ZUh8QCT03H ‚Äì #Opsiin  -  https://t.co/65yP1TzPUk,in,['opsiin'],[],1565180233283940352,1565180233283940352,kamidipus,Kamidipus,7,05,https://twitter.com/kamidipus/status/1589132256265764865,"['https://bit.ly/3Up1DaJ', 'https://opsimin.wordpress.com/2022/11/06/pbnu-tak-ada-persetujuan-ketum-rais-aam-soal-larangan-wahabi-di-ri-cnn-indonesia-https-bit-ly-3up1daj-opsiin/']",[],0,,False,0,0,0,,larangan wahabi,,,,,,,[],,,,
1589129422539554816,1589129422539554816,1667712953000.0,2022-11-06 05:35:53,+0000,,PBNU: Tak Ada Persetujuan Ketum &amp; Rais Aam soal Larangan Wahabi di RI ‚Äì CNN Indonesia ‚Äì  https://t.co/F1szzHOIxq ‚Äì¬†#Opsiin  https://t.co/uoDhWyQhpt,in,['opsiin'],[],1566265949896200192,1566265949896200192,Kotakmi1,Kotakmi,7,05,https://twitter.com/Kotakmi1/status/1589129422539554816,"['https://bit.ly/3Up1DaJ', 'https://opsimin.wordpress.com/2022/11/06/pbnu-tak-ada-persetujuan-ketum-rais-aam-soal-larangan-wahabi-di-ri-cnn-indonesia-https-bit-ly-3up1daj-opsiin/']",[],0,,False,0,0,0,,larangan wahabi,,,,,,,[],,,,
1588525912152473605,1588188131807068160,1667569065000.0,2022-11-04 13:37:45,+0000,,@syahruzzaky @NovalAssegaf kalok membenturkan nu dengan kelompok islam lain apa produktif? misalnya larangan dakwah kelompok yg dituduh sbg wahabi?,in,[],[],628898651,628898651,oktav0,ok_jek,5,13,https://twitter.com/oktav0/status/1588525912152473605,[],[],0,,False,0,1,0,,larangan wahabi,,,,,,,"[{'screen_name': 'syahruzzaky', 'name': 'syahruzzaky', 'id': '72036929'}, {'screen_name': 'NovalAssegaf', 'name': 'Noval Assegaf', 'id': '243880064'}]",,,,
1588399434022653954,1588399434022653954,1667538910000.0,2022-11-04 05:15:10,+0000,,"Utk menjaga Keutuhan Bangsa dan Negara, mk pemerintah shrsnya ber-inisiatif membuat UU Perlindungan yg isinya : 1. Melarang atau Menyatakan Khilafah dan Wahabi Salafi sbg Faham TERLARANG. 2. Larangan bagi WNI Bangsa Asing Keturunan Kaum Pendatang menduduki Jabatan Politik.",in,[],[],768976703632781314,768976703632781314,soesintho007,BAGUS SOESINTHO,5,05,https://twitter.com/soesintho007/status/1588399434022653954,[],[],0,,False,0,1,0,,larangan wahabi,,,,,,,[],,,,
1588293506946064384,1588293506946064384,1667513655000.0,2022-11-03 22:14:15,+0000,,"Ketua Umum PBNU Yahya Cholil Staquf menanggapi isu larangan ‚Äòwahabi‚Äô yang mencuat dari rilis rokemendasi Lembaga Dakwah PBNU. Yahya mengatakan ‚Äòwahabi‚Äô akan menjadi salah satu yang dibahas oleh para tokoh agama, sekte dan aliran kepercayaan di forum R20.  https://t.co/S4Ce8GEZT9",in,[],[],65991060,65991060,hidcom,Hidayatullah.com,4,22,https://twitter.com/hidcom/status/1588293506946064384,['https://www.hidayatullah.com/berita/nasional/read/2022/11/03/239427/nasional-ramai-soal-larangan-wahabi-yahya-cholil-staquf-sebut-akan-dibahas-di-r20.html'],[],0,,False,1,0,0,,larangan wahabi,,,,,,,[],,,,
1587964840043110400,1587964840043110400,1667435295000.0,2022-11-03 00:28:15,+0000,,"Ramai Rekomendasi Larangan Penyebaran Wahabi, Kiai Misbah: NU yang Menjadi Korban  https://t.co/3gX2hJVIL8",in,[],[],1567784194511892480,1567784194511892480,Liputan9id,Liputan9 Sembilan,4,00,https://twitter.com/Liputan9id/status/1587964840043110400,['https://liputan9.id/ramai-rekomendasi-larangan-penyebaran-wahabi-kiai-misbah-nu-yang-menjadi-korban/'],[],0,,False,0,0,0,,larangan wahabi,,,,,,,[],,,,
1587752436906618881,1587671088758403072,1667384654000.0,2022-11-02 10:24:14,+0000,,"@cholilnafis Kyai, Itu ada dr oknum NU meminta menolak paham Wahabi dan melarang kegiatan hijrah fest  Bagaiman sikap MUI untuk melindungi umat Islam tersebut, dari intimidasi/larangan. Padahal acara tersebut ,bukan acara untuk maling uang rakyat, utk melawan yg beda ,",in,[],[],93138201,93138201,Zuhud_Dunia,Ingin masuk syurgaNya Allah,3,10,https://twitter.com/Zuhud_Dunia/status/1587752436906618881,[],[],0,,False,1,1,0,,larangan wahabi,,,,,,,"[{'screen_name': 'cholilnafis', 'name': 'cholil nafis', 'id': '262146748'}]",,,,
1587742925026643969,1587742925026643969,1667382386000.0,2022-11-02 09:46:26,+0000,,Ketua Umum PBNU Pastikan Larangan Paham Wahabi Belum Resmi   https://t.co/JhjZzQVsLB  https://t.co/dH2aFQMqXR,in,[],[],567966875,567966875,lawjusticeco,Law-Justice.co | News & Investigation,3,09,https://twitter.com/lawjusticeco/status/1587742925026643969,['https://www.law-justice.co/artikel/140521/ketua-umum-pbnu-pastikan-larangan-paham-wahabi-belum-resmi/'],[],1,https://pbs.twimg.com/ext_tw_video_thumb/1587742886426468352/pu/img/B13UQlnXxvIEqBVf.jpg,False,0,0,0,,larangan wahabi,,,,,,,[],,,,
1587714635024637952,1587714635024637952,1667375641000.0,2022-11-02 07:54:01,+0000,,"Ketua Umum Pengurus Besar Nahdlatul Ulama (PBNU), Yahya Cholil Staquf menyebut larangan paham wahabi di Indonesia bukan pernyataan resmi PBNU.  https://t.co/sxxkGvYiuO",in,[],[],1520998271161831424,1520998271161831424,tauberitamedia,tauberita,3,07,https://twitter.com/tauberitamedia/status/1587714635024637952,['https://www.tauberita.com/gus-yahya-larangan-paham-wahabi-di-ri-bukan-pernyataan-resmi-pbnu'],[],0,,False,0,0,0,,larangan wahabi,,,,,,,[],,,,
1587713881656680449,1587713881656680449,1667375462000.0,2022-11-02 07:51:02,+0000,,"Ketua Umum Pengurus Besar Nahdlatul Ulama (PBNU), Yahya Cholil Staquf menyebut larangan paham wahabi di Indonesia bukan pernyataan resmi PBNU.  https://t.co/sxxkGwgrIW",in,[],[],1520998271161831424,1520998271161831424,tauberitamedia,tauberita,3,07,https://twitter.com/tauberitamedia/status/1587713881656680449,['https://www.tauberita.com/gus-yahya-larangan-paham-wahabi-di-ri-bukan-pernyataan-resmi-pbnu'],[],0,,False,0,0,0,,larangan wahabi,,,,,,,[],,,,
1587690789190209536,1587690789190209536,1667369956000.0,2022-11-02 06:19:16,+0000,,Kata GP Ansor Jatim Soal Larangan Penyebaran Wahabi -  https://t.co/yR5BX3r4ik  https://t.co/v6sEhBGjkC,in,[],[],1455418332,1455418332,febriyan_id,febriyan id,3,06,https://twitter.com/febriyan_id/status/1587690789190209536,"['http://beritajatim.com', 'https://ift.tt/6xkbZ9F']",[],0,,False,0,0,0,,larangan wahabi,,,,,,,[],,,,
1587688008513654786,1587688008513654786,1667369293000.0,2022-11-02 06:08:13,+0000,,Ketum PBNU Gus Yahya: Larangan Paham Wahabi Belum Resmi  https://t.co/KvblBFnOBi,in,[],[],17128975,17128975,CNNIndonesia,CNN Indonesia,3,06,https://twitter.com/CNNIndonesia/status/1587688008513654786,['https://cnnindonesia.com/nasional/20221102122558-20-868478/ketum-pbnu-gus-yahya-larangan-paham-wahabi-belum-resmi?utm_source=twitter&utm_medium=oa&utm_content=cnnindonesia&utm_campaign=cmssocmed'],[],0,,False,3,22,1,,larangan wahabi,,,,,,,[],,,,
1587664378278862848,1587588930727469061,1667363659000.0,2022-11-02 04:34:19,+0000,,"@rofiqnur @awemany Larangan ustad-ustad salaf yg mereka sebut wahabi: jgn demo, jgn menghina pemerintah, jgn ninggalin shalat, jgn minum alkohol (berdasarkan qur'an hadist &amp; sunnah)  Ajaran NUsantara: dangdutan, berdoa minta rejeki &amp; umur panjang dikuburan, sedekah laut, tidak NU masuk neraka, dll",in,[],[],262103802,262103802,pineappleski,Chance,3,04,https://twitter.com/pineappleski/status/1587664378278862848,[],[],0,,False,5,0,0,,larangan wahabi,,,,,,,"[{'screen_name': 'rofiqnur', 'name': 'rofiq nur', 'id': '186912232'}, {'screen_name': 'awemany', 'name': 'Ardi W', 'id': '228724587'}]",,,,
1587654586793619456,1587654586793619456,1667361325000.0,2022-11-02 03:55:25,+0000,,Ini Alasan PBNU Anulir Rilis Lembaga Dakwah NU terkait Larangan Wahabi hingga HijrahFest  https://t.co/j8GNifRsZI,in,[],[],224154229,224154229,odievandboss,UjungPena,3,03,https://twitter.com/odievandboss/status/1587654586793619456,['https://www.ayomedan.id/nasional/amp/pr-355417595/ini-alasan-pbnu-anulir-rilis-lembaga-dakwah-nu-terkait-larangan-wahabi-hingga-hijrahfest'],[],0,,False,0,0,0,,larangan wahabi,,,,,,,[],,,,
1587654527129616384,1587654527129616384,1667361311000.0,2022-11-02 03:55:11,+0000,,Ini Alasan PBNU Anulir Rilis Lembaga Dakwah NU terkait Larangan Wahabi hingga HijrahFest  https://t.co/6gDH28USNb,in,[],[],224154229,224154229,odievandboss,UjungPena,3,03,https://twitter.com/odievandboss/status/1587654527129616384,['https://www.ayomedan.id/nasional/pr-355417595/ini-alasan-pbnu-anulir-rilis-lembaga-dakwah-nu-terkait-larangan-wahabi-hingga-hijrahfest'],[],0,,False,0,0,0,,larangan wahabi,,,,,,,[],,,,
1587650654751059969,1587588930727469061,1667360387000.0,2022-11-02 03:39:47,+0000,,@awemany Kita hrs menentang keras larangan dakwah ustadz2 wahabi di indonesia oleh rezim jokowi.  Seperti halnya kt jg hrs mententang larangan dakwah pemahaman fiqih 4 madzab di tanah suci oleh rezim salman (yg didukung ulama wahabi).  Perbedaan didialogkan bkn dibidah2kan atau dilarang.,in,[],[],186912232,186912232,rofiqnur,rofiq nur,3,03,https://twitter.com/rofiqnur/status/1587650654751059969,[],[],0,,False,0,2,1,,larangan wahabi,,,,,,,"[{'screen_name': 'awemany', 'name': 'Ardi W', 'id': '228724587'}]",,,,
1587614887030980608,1587614887030980608,1667351860000.0,2022-11-02 01:17:40,+0000,,"Klarifikasi soal Larangan Wahabi di RI, PBNU: Yang Dilarang Paham Wahabi Takfiri dari Timur Tengah | Pagiii Jokowi Lupus Cebong Ngerokok LGBT Bali Gen 11 November 3,5 Jt Zhico #BapakPewarisUtang #Itaewon #PetugasPartaiSembrono #AniesPresiden2024 #confirmed  https://t.co/WafmgyWqkz",in,"['bapakpewarisutang', 'itaewon', 'petugaspartaisembrono', 'aniespresiden2024', 'confirmed']",[],1493556582604750848,1493556582604750848,dndtirani,Dinda Tirani,3,01,https://twitter.com/dndtirani/status/1587614887030980608,['https://lebsi.wanheartnews.com/2022/11/klarifikasi-soal-larangan-wahabi-di-ri.html'],[],0,,False,0,0,0,,larangan wahabi,,,,,,,[],,,,
1587591398320209920,1587591398320209920,1667346260000.0,2022-11-01 23:44:20,+0000,,PWNU Jatim menyentil kekompakan PBNU terkait larangan wahabi takfiri. PWNU berharap agar koordinasi antara pengurus dan banom PBNU bisa diperbaiki ke depan.  https://t.co/9hUeksDeDS,in,[],[],69183155,69183155,detikcom,detikcom,2,23,https://twitter.com/detikcom/status/1587591398320209920,['https://www.detik.com/jatim/berita/d-6382382/pwnu-jatim-sentil-kekompakan-pbnu-soal-gaduh-larangan-wahabi-tafkiri?utm_term=echoboxauto&utm_campaign=detikcomsocmed&utm_medium=oa&utm_content=detikcom&utm_source=Twitter#Echobox=1667341813'],[],0,,False,0,2,1,,larangan wahabi,,,,,,,[],,,,
1587572167792812034,1587572167792812034,1667341675000.0,2022-11-01 22:27:55,+0000,,PWNU Jatim menyentil kekompakan PBNU terkait larangan wahabi takfiri. PWNU berharap agar koordinasi antara pengurus dan banom PBNU bisa diperbaiki ke depan.  https://t.co/RFSSjuKmUJ,in,[],[],69183155,69183155,detikcom,detikcom,2,22,https://twitter.com/detikcom/status/1587572167792812034,['https://www.detik.com/jatim/berita/d-6382382/pwnu-jatim-sentil-kekompakan-pbnu-soal-gaduh-larangan-wahabi-takfiri?utm_term=echoboxauto&utm_campaign=detikcomsocmed&utm_medium=oa&utm_content=detikcom&utm_source=Twitter#Echobox=1667322119'],[],0,,False,7,5,0,,larangan wahabi,,,,,,,[],,,,
1587478059321630720,1587478059321630720,1667319237000.0,2022-11-01 16:13:57,+0000,,PWNU Jatim Sindir Ketidakkompakan PBNU soal Gaduh Larangan Wahabi Takfiri  https://t.co/SpDXvqcFys,in,[],[],967169524171653120,967169524171653120,islampers,Islampers.com,2,16,https://twitter.com/islampers/status/1587478059321630720,['https://www.islampers.com/gmnu-4790/pwnu-jatim-sindir-ketidakkompakan-pbnu-soal-gaduh-larangan-wahabi-takfiri'],[],0,,False,1,1,0,,larangan wahabi,,,,,,,[],,,,
1587450241640300544,1587450241640300544,1667312605000.0,2022-11-01 14:23:25,+0000,,PWNU Jatim Sindir Kekompakan PBNU soal Gaduh Larangan Wahabi Takfiri  https://t.co/ikUeZUzQTk,in,[],[],1567784194511892480,1567784194511892480,Liputan9id,Liputan9 Sembilan,2,14,https://twitter.com/Liputan9id/status/1587450241640300544,['https://liputan9.id/pwnu-jatim-sindir-kekompakan-pbnu-soal-gaduh-larangan-wahabi-takfiri/'],[],0,,False,0,0,0,,larangan wahabi,,,,,,,[],,,,
1587426101092962305,1587426101092962305,1667306850000.0,2022-11-01 12:47:30,+0000,,PWNU Jatim Sentil Kekompakan PBNU soal Gaduh Larangan Wahabi Tafkiri  https://t.co/pyIFhHjXG4,in,[],[],1478265540330147840,1478265540330147840,detik_jatim,detik jatim,2,12,https://twitter.com/detik_jatim/status/1587426101092962305,['https://www.detik.com/jatim/berita/d-6382382/pwnu-jatim-sentil-kekompakan-pbnu-soal-gaduh-larangan-wahabi-tafkiri?utm_campaign=cmssocmed&utm_medium=oa&utm_source=twitter&utm_content=detikjatim'],[],0,,False,2,1,0,,larangan wahabi,,,,,,,[],,,,
1587425982948208640,1587425982948208640,1667306821000.0,2022-11-01 12:47:01,+0000,,PWNU Jatim menyentil kekompakan PBNU terkait larangan wahabi tafkiri. PWNU berharap agar koordinasi antara pengurus dan banom PBNU bisa diperbaiki ke depan.  https://t.co/C1yLsRjrSL,in,[],[],1520998271161831424,1520998271161831424,tauberitamedia,tauberita,2,12,https://twitter.com/tauberitamedia/status/1587425982948208640,['https://www.tauberita.com/pwnu-jatim-sentil-kekompakan-pbnu-soal-gaduh-larangan-wahabi-tafkiri'],[],0,,False,0,0,0,,larangan wahabi,,,,,,,[],,,,
1587425480407326720,1587425480407326720,1667306702000.0,2022-11-01 12:45:02,+0000,,PWNU Jatim menyentil kekompakan PBNU terkait larangan wahabi tafkiri. PWNU berharap agar koordinasi antara pengurus dan banom PBNU bisa diperbaiki ke depan.  https://t.co/C1yLsRAuUL,in,[],[],1520998271161831424,1520998271161831424,tauberitamedia,tauberita,2,12,https://twitter.com/tauberitamedia/status/1587425480407326720,['https://www.tauberita.com/pwnu-jatim-sentil-kekompakan-pbnu-soal-gaduh-larangan-wahabi-tafkiri'],[],0,,False,0,0,0,,larangan wahabi,,,,,,,[],,,,
1587373635039289346,1587373635039289346,1667294341000.0,2022-11-01 09:19:01,+0000,,Kata GP Ansor Jatim Soal Larangan Penyebaran Wahabi -  https://t.co/yR5BX3r4ik  https://t.co/v6sEhBGjkC,in,[],[],1455418332,1455418332,febriyan_id,febriyan id,2,09,https://twitter.com/febriyan_id/status/1587373635039289346,"['http://beritajatim.com', 'https://ift.tt/6xkbZ9F']",[],0,,False,0,0,0,,larangan wahabi,,,,,,,[],,,,
1587366660608241665,1587366660608241665,1667292678000.0,2022-11-01 08:51:18,+0000,,"Klarifikasi soal Larangan Wahabi di RI, PBNU: Yang Dilarang Paham Wahabi Takfiri dari Timur Tengah  https://t.co/SUbg2bOjLO",in,[],[],887743587579944960,887743587579944960,OposisiCerdas,OposisiCerdas.com,2,08,https://twitter.com/OposisiCerdas/status/1587366660608241665,['https://www.oposisicerdas.com/2022/11/klarifikasi-soal-larangan-wahabi-di-ri.html'],[],0,,False,100,97,36,,larangan wahabi,,,,,,,[],,,,
1587342718728278016,1587342718728278016,1667286970000.0,2022-11-01 07:16:10,+0000,,"Klarifikasi soal Larangan Wahabi di RI, PBNU: Yang Dilarang Paham Wahabi Takfiri dari Timur Tengah  https://t.co/IFZ6ciftoI",in,[],[],3811914674,3811914674,GoNewsdotco,GoNewsco,2,07,https://twitter.com/GoNewsdotco/status/1587342718728278016,['http://dlvr.it/Sc2HKt'],[],0,,False,0,0,0,,larangan wahabi,,,,,,,[],,,,
1587340937893748739,1587340937893748739,1667286545000.0,2022-11-01 07:09:05,+0000,,"Larangan Aliran Wahabi di INA, KH Anwar Abbas Tegaskan Sikap¬†Begini  https://t.co/U5Ry25R9Wb",in,[],[],1453173401342779395,1453173401342779395,heraldindo,Herald.id,2,07,https://twitter.com/heraldindo/status/1587340937893748739,['https://herald.id/2022/11/01/larangan-aliran-wahabi-di-ina-kh-anwar-abbas-tegaskan-sikap-begini/'],[],0,,False,0,0,0,,larangan wahabi,,,,,,,[],,,,
1587340913755332608,1587340913755332608,1667286539000.0,2022-11-01 07:08:59,+0000,,"Klarifikasi soal Larangan Wahabi di RI, PBNU: Yang Dilarang Paham Wahabi Takfiri dari Timur Tengah  https://t.co/vmFTk1kEUl",in,[],[],1456949178421100548,1456949178421100548,news_wanheart,Wanheart News,2,07,https://twitter.com/news_wanheart/status/1587340913755332608,['https://lebsi.wanheartnews.com/2022/11/klarifikasi-soal-larangan-wahabi-di-ri.html'],[],0,,False,0,0,0,,larangan wahabi,,,,,,,[],,,,
1587327394796298240,1587327394796298240,1667283316000.0,2022-11-01 06:15:16,+0000,,"Klarifikasi soal Larangan Wahabi di RI, PBNU: Yang Dilarang Paham Wahabi Takfiri dari Timur Tengah  https://t.co/yfpXAjHrdz",in,[],[],1512483442600341505,1512483442600341505,BeritakanID_com,BeritakanID News,2,06,https://twitter.com/BeritakanID_com/status/1587327394796298240,['https://www.beritakanid.com/2022/11/klarifikasi-soal-larangan-wahabi-di-ri.html'],[],0,,False,0,0,0,,larangan wahabi,,,,,,,[],,,,
1587324855074312194,1587324855074312194,1667282711000.0,2022-11-01 06:05:11,+0000,,Kata GP Ansor Jatim Soal Larangan Penyebaran Wahabi.  Surabaya ( https://t.co/ksziGGp1k3) ‚Äì Lembaga Dakwah PBNU (LDNU) meminta Pemerintah Indonesia melarang persebaran paham Wahabi.‚Ä¶  https://t.co/ExjLYZ5EGe #PolitikPemerintahan #gusfawait #muhammadfawait via @beritajatimcom,in,"['politikpemerintahan', 'gusfawait', 'muhammadfawait']",[],21287066,21287066,beritajatimcom,beritajatim,2,06,https://twitter.com/beritajatimcom/status/1587324855074312194,"['http://beritajatim.com', 'http://dlvr.it/Sc28f5']",[],0,,False,0,0,0,,larangan wahabi,,,,,,,[],,,,
1587321891575955457,1587321891575955457,1667282004000.0,2022-11-01 05:53:24,+0000,,Ansor Jatim buka suara soal larangan Wahabi di Indonesia. Ansor Jatim akan patuh terhadap instruksi apapun dari PBNU.  via @detik_jatim  https://t.co/L8LQXAc2Xp,in,[],[],69183155,69183155,detikcom,detikcom,2,05,https://twitter.com/detikcom/status/1587321891575955457,['https://bit.ly/3NmODPU'],[],0,,False,3,3,3,,larangan wahabi,,,,,,,[],,,,
1587304580899127296,1587304580899127296,1667277877000.0,2022-11-01 04:44:37,+0000,,"Klarifikasi soal Larangan Wahabi di RI, PBNU: Yang Dilarang Paham Wahabi Takfiri dari Timur Tengah   https://t.co/TQqDFIldxe",in,[],[],1275927437272969216,1275927437272969216,kontenislam_com,BERITA POLITIK,2,04,https://twitter.com/kontenislam_com/status/1587304580899127296,['https://ift.tt/qu9e78g'],[],0,,False,0,0,0,,larangan wahabi,,,,,,,[],,,,
1587304207970750466,1587304207970750466,1667277788000.0,2022-11-01 04:43:08,+0000,,"Klarifikasi soal Larangan Wahabi di RI, PBNU: Yang Dilarang Paham Wahabi Takfiri dari Timur Tengah  https://t.co/VzHzxUPWeW",in,[],[],3319260420,3319260420,geloraco,GELORA NEWS,2,04,https://twitter.com/geloraco/status/1587304207970750466,['https://www.gelora.co/2022/11/klarifikasi-soal-larangan-wahabi-di-ri.html'],[],0,,False,6,14,3,,larangan wahabi,,,,,,,[],,,,
1587292607281262592,1587292607281262592,1667275022000.0,2022-11-01 03:57:02,+0000,,PBNU Tegaskan Belum Ada Persetujuan Ketum dan Rois Aam soal Larangan Wahabi  https://t.co/h7X9OJBXEt #GusIpul #PBNU #Wahabi  https://t.co/ptSObcLiqa,in,"['gusipul', 'pbnu', 'wahabi']",[],1139396104347250688,1139396104347250688,Beritabaruco,Beritabaru.co,2,03,https://twitter.com/Beritabaruco/status/1587292607281262592,['http://dlvr.it/Sc1zTw'],['https://pbs.twimg.com/media/FgcyNvkaAAERdGm.jpg'],1,https://pbs.twimg.com/media/FgcyNvkaAAERdGm.jpg,False,0,0,0,,larangan wahabi,,,,,,,[],,,,
1587292346060013573,1587292346060013573,1667274960000.0,2022-11-01 03:56:00,+0000,,"Dinilai Kontraproduktif dan Multitafsir, PBNU Batalkan Keputusan Soal Larangan Wahabi  https://t.co/KmvhDQ1ojT",in,[],[],160603309,160603309,yusufabualif,yusuf rinaldy,2,03,https://twitter.com/yusufabualif/status/1587292346060013573,['https://www.watyutink.com/viralnyuss/pr-5035402847/dinilai-kontraproduktif-dan-multitafsir-pbnu-batalkan-keputusan-soal-larangan-wahabi'],[],0,,False,0,0,0,,larangan wahabi,,,,,,,[],,,,
1587292231517769728,1587292231517769728,1667274933000.0,2022-11-01 03:55:33,+0000,,"Dinilai Kontraproduktif dan Multitafsir, PBNU Batalkan Keputusan Soal Larangan Wahabi  https://t.co/x2NP5toLCk",in,[],[],982461867233722369,982461867233722369,Toto_1945,Toto,2,03,https://twitter.com/Toto_1945/status/1587292231517769728,['https://www.watyutink.com/viralnyuss/pr-5035402847/dinilai-kontraproduktif-dan-multitafsir-pbnu-batalkan-keputusan-soal-larangan-wahabi'],[],0,,False,0,0,0,,larangan wahabi,,,,,,,[],,,,
1587289309014413312,1587289309014413312,1667274236000.0,2022-11-01 03:43:56,+0000,,Respons Ansor Jatim soal Larangan Wahabi di Indonesia  https://t.co/IUbaxtO4au   Saya jadi teringat akan teroris OPM di Papua yg mengancam dan membahayakan keutuhan NKRI. Semoga sebagai garda terdepan Ansor bisa menindak-lanjutinya. Jangan ada lagi korban sipil atau aparat disana.  https://t.co/Ia6MyG23sw,in,[],[],51070407,51070407,ErlanDAzis,Erlan Dewani Azis | Kadrun,2,03,https://twitter.com/ErlanDAzis/status/1587289309014413312,['https://dtk.id/NFnNHQ'],['https://pbs.twimg.com/media/FgcuXcuVsAAQF3_.png'],1,https://pbs.twimg.com/media/FgcuXcuVsAAQF3_.png,False,0,0,0,,larangan wahabi,,,,,,,[],,,,
1587286868311396353,1587286868311396353,1667273654000.0,2022-11-01 03:34:14,+0000,,PBNU Sebut Rilis LDNU Soal Larangan Wahabi Kontra Produktif: Tidak Konsultasi dengan Rais Aam  https://t.co/fw4RtLu8Ny #BeritaIslam  https://t.co/bXA5Dws4CC,in,['beritaislam'],[],1475248766902956036,1475248766902956036,Tr3nd1n6,TaRa,2,03,https://twitter.com/Tr3nd1n6/status/1587286868311396353,"['https://ift.tt/w0ILCac', 'https://ift.tt/BInOpYg']",[],0,,False,0,0,0,,larangan wahabi,,,,,,,[],,,,
1587282533242265600,1587282533242265600,1667272620000.0,2022-11-01 03:17:00,+0000,,PBNU Sebut Rilis LDNU Soal Larangan Wahabi Kontra Produktif: Tidak Konsultasi dengan Rais Aam  https://t.co/Le7gJLaZhX,in,[],[],1306103918733045760,1306103918733045760,gatotsuhiro,Gatotsuhiro,2,03,https://twitter.com/gatotsuhiro/status/1587282533242265600,['https://www.eramuslim.com/berita/nasional/pbnu-sebut-rilis-ldnu-soal-larangan-wahabi-kontra-produktif-tidak-konsultasi-dengan-rais-aam.htm'],[],0,,False,0,0,0,,larangan wahabi,,,,,,,[],,,,
1587272819557117952,1585625681912037377,1667270304000.0,2022-11-01 02:38:24,+0000,,@DediH2R @CNNIndonesia PBNU merevisi usulan LDNU tentang larangan wahabi bro,in,[],[],3935435540,3935435540,syawal_ll,sdh,2,02,https://twitter.com/syawal_ll/status/1587272819557117952,[],[],0,,False,0,0,0,,larangan wahabi,,,,,,,"[{'screen_name': 'DediH2R', 'name': 'Dedi Kurniawan', 'id': '313743570'}, {'screen_name': 'CNNIndonesia', 'name': 'CNN Indonesia', 'id': '17128975'}]",,,,
1587270965724991488,1587270965724991488,1667269862000.0,2022-11-01 02:31:02,+0000,,Ansor Jatim buka suara soal larangan Wahabi di Indonesia. Ansor Jatim akan patuh terhadap instruksi apapun dari PBNU.  https://t.co/iCVEwotZHl,in,[],[],1520998271161831424,1520998271161831424,tauberitamedia,tauberita,2,02,https://twitter.com/tauberitamedia/status/1587270965724991488,['https://www.tauberita.com/respons-ansor-jatim-soal-larangan-wahabi-di-indonesia'],[],0,,False,0,0,0,,larangan wahabi,,,,,,,[],,,,
1587269323357589504,1587269323357589504,1667269471000.0,2022-11-01 02:24:31,+0000,,PBNU: Tak Ada Persetujuan Ketum &amp; Rais Aam soal Larangan Wahabi di RI  https://t.co/1oQPcsgm0x,in,[],[],17128975,17128975,CNNIndonesia,CNN Indonesia,2,02,https://twitter.com/CNNIndonesia/status/1587269323357589504,['https://cnnindonesia.com/nasional/20221101065251-20-867818/pbnu-tak-ada-persetujuan-ketum-rais-aam-soal-larangan-wahabi-di-ri?utm_source=twitter&utm_medium=oa&utm_content=cnnindonesia&utm_campaign=cmssocmed'],[],0,,False,21,23,12,,larangan wahabi,,,,,,,[],,,,
1587268780106739712,1587105512801284096,1667269341000.0,2022-11-01 02:22:21,+0000,,"@YaqutCQoumas @Miduk17 semoga arahan ketum PBNU mengenai larangan ajaran wahabi segera ditindaklanjuti Gusmen.. juga tolong dipercepat sertifikasi penceramah, sudah darurat menjelang Pilpres nanti rawan politik identitas di tempat2 ibadah",in,[],[],51339152,51339152,Mingfan35,Mingfan,2,02,https://twitter.com/Mingfan35/status/1587268780106739712,[],[],0,,False,1,1,0,,larangan wahabi,,,,,,,"[{'screen_name': 'YaqutCQoumas', 'name': 'Yaqut Cholil Qoumas', 'id': '1341928495253868545'}, {'screen_name': 'Miduk17', 'name': 'Jhon Sitorus', 'id': '1102461866129776640'}]",,,,
1587236727076581376,1587004911333814273,1667261699000.0,2022-11-01 00:14:59,+0000,,"@CNNIndonesia @msaid_didu Bisa kita pikir lagi disana yg konon katanya negara Wahabi mau ngadain Halloween mau ada larangan Maulid Nabi, di larangan tahlilan dilarang manakiban apa urusannya sedang kalian silahkan yg penting menurut kalian",in,[],[],1518561749624307714,1518561749624307714,FadlyNajib,Najib Fadly,2,00,https://twitter.com/FadlyNajib/status/1587236727076581376,[],[],0,,False,0,0,0,,larangan wahabi,,,,,,,"[{'screen_name': 'CNNIndonesia', 'name': 'CNN Indonesia', 'id': '17128975'}, {'screen_name': 'msaid_didu', 'name': 'Muhammad Said Didu', 'id': '1117990249806721024'}]",,,,
1587211547452899328,1587211547452899328,1667255696000.0,2022-10-31 22:34:56,+0000,,PBNU Luruskan Pernyataan LDNU Soal Larangan Persebaran Paham Wahabi -  https://t.co/WGpO4pZYFl  https://t.co/i4lfXSBVDl,in,[],[],1499728604384481282,1499728604384481282,news_delik,delik.news,1,22,https://twitter.com/news_delik/status/1587211547452899328,"['http://carubannagari.com', 'https://carubannagari.delik.news/pbnu-luruskan-pernyataan-ldnu-soal-larangan-persebaran-paham-wahabi/']",[],0,,False,2,0,0,,larangan wahabi,,,,,,,[],,,,
1587084292923850752,1586715846549856256,1667225356000.0,2022-10-31 14:09:16,+0000,,"@ezasyabani @detikcom Dah lah ya pnutup.. krena emg qt ga spham.. intinya gw mndukung NU ngajuin larangan dakwah wahabi.. karena isi kajian2nya ya gtu bnyak lah klo mau cari buktinya.. cntohnya kyk ini..  https://t.co/EJ3iPmw1KP blum lg pranda, jawaz, drusalm, abdat, musri, dkk.. wassalamu'alaikum ü§óüòò",in,[],[],555307084,555307084,ariffebrianto90,Arif Febrianto,1,14,https://twitter.com/ariffebrianto90/status/1587084292923850752,['https://youtu.be/3sRZaC_DAbs'],[],0,,False,0,0,0,,larangan wahabi,,,,,,,"[{'screen_name': 'ezasyabani', 'name': 'Kandidat Mati', 'id': '706475526'}, {'screen_name': 'detikcom', 'name': 'detikcom', 'id': '69183155'}]",,,,
1587066156816674816,1587066156816674816,1667221032000.0,2022-10-31 12:57:12,+0000,,"Bagaimana rekomendasi prihal larangan terhadap organisasi wahabi salafi dan wahabi jihadis!   Menurut Sekjen PBNU Rahmat Hidayat Pulungan, belum ada rekomendasi resmi dari PBNU kepada pemerintah soal usulan larangan persebaran paham wahabi takfiri.    https://t.co/DPy3Osfb8g",in,[],[],222384836,222384836,icatwps,Richard W.P Simbolon,1,12,https://twitter.com/icatwps/status/1587066156816674816,['https://news.detik.com/berita/d-6380161/wasekjen-usulan-ke-pemerintah-larang-wahabi-takfiri-tak-resmi-dari-pbnu?utm_term=echoboxauto&utm_campaign=detikcomsocmed&utm_medium=oa&utm_content=detikcom&utm_source=Facebook#Echobox=1667220270'],[],0,,False,0,0,0,,larangan wahabi,,,,,,,[],,,,
1587063186087464961,1587063186087464961,1667220324000.0,2022-10-31 12:45:24,+0000,,"Menurut Sekjen PBNU Rahmat Hidayat Pulungan, belum ada rekomendasi resmi dari PBNU kepada pemerintah soal usulan larangan persebaran paham wahabi takfiri.  https://t.co/jUMFGfIxj0",in,[],[],69183155,69183155,detikcom,detikcom,1,12,https://twitter.com/detikcom/status/1587063186087464961,['https://news.detik.com/berita/d-6380161/wasekjen-usulan-ke-pemerintah-larang-wahabi-takfiri-tak-resmi-dari-pbnu?utm_term=echoboxauto&utm_campaign=detikcomsocmed&utm_medium=oa&utm_content=detikcom&utm_source=Twitter#Echobox=1667220270'],[],0,,False,5,2,0,,larangan wahabi,,,,,,,[],,,,
1587029400284852224,1587029372568903680,1667212269000.0,2022-10-31 10:31:09,+0000,,Salah satu alat kewenangan yang diberikan adalah instrumen hukum. Hukum berguna sebagai alat kontrol sosial dan social engineering. Jelaslah kaitannya dgn larangan faham/aliran wahabi adalah instrumen hukum utamanya menjadi alat perekayasa sosial menuju tujuan bersama.,in,[],[],1892458459,1892458459,mynamebabypanda,anonymous,1,10,https://twitter.com/mynamebabypanda/status/1587029400284852224,[],[],0,,False,0,1,0,,larangan wahabi,,,,,,,[],,,,
1587023393701838848,1586156939993649152,1667210837000.0,2022-10-31 10:07:17,+0000,,@enkzuro @dekiikantata @kang_acenks @Ali22Musa @sukiono @detikcom Ga usah menutup mata tinggal lu searching larangan WAHABI soal tahlinan maulidan dan amaliah2 di Indonesia.. punya hp smart dipakai..,in,[],[],555307084,555307084,ariffebrianto90,Arif Febrianto,1,10,https://twitter.com/ariffebrianto90/status/1587023393701838848,[],[],0,,False,0,1,0,,larangan wahabi,,,,,,,"[{'screen_name': 'enkzuro', 'name': 'Enk', 'id': '1261142232536473600'}, {'screen_name': 'dekiikantata', 'name': 'Mr. X', 'id': '2711384786'}, {'screen_name': 'kang_acenks', 'name': 'kang aceng sumarna', 'id': '118009166'}, {'screen_name': 'Ali22Musa', 'name': 'Ali Musa', 'id': '1262399662654251009'}, {'screen_name': 'sukiono', 'name': 'ùïæukiono', 'id': '111909449'}, {'screen_name': 'detikcom', 'name': 'detikcom', 'id': '69183155'}]",,,,
1586965406022922241,1586941920625889280,1667197011000.0,2022-10-31 06:16:51,+0000,,@ArRayah43832329 @Dennysiregar7 @nahdlatululama @MUIPusat @muhammadiyah Di Saudi saja tidak ada larangan bagi mazhab syiah. Justru sekte wahabi yg dilarang di sana. Karena wahabi bermimpi tegaknya khilafah.,in,[],[],1321907813128433665,1321907813128433665,me_risnov,RisnovüáÆüá©ART #NFT #NFTCollection #Ternate,1,06,https://twitter.com/me_risnov/status/1586965406022922241,[],[],0,,False,0,0,0,,larangan wahabi,,,,,,,"[{'screen_name': 'ArRayah43832329', 'name': 'Ar Rayah', 'id': '1566055932911824896'}, {'screen_name': 'Dennysiregar7', 'name': 'Denny Siregar', 'id': '4780649298'}, {'screen_name': 'nahdlatululama', 'name': 'Nahdlatul Ulama', 'id': '4279971798'}, {'screen_name': 'MUIPusat', 'name': 'Majelis Ulama Indonesia', 'id': '918988151925850112'}, {'screen_name': 'muhammadiyah', 'name': 'Muhammadiyah', 'id': '73309923'}]",,,,
1586963246506180608,1586941920625889280,1667196496000.0,2022-10-31 06:08:16,+0000,,"@Dennysiregar7 @nahdlatululama Kalo loe emang Cebong sejati seharsunya loe bersyukur sm Wahabi Salafi, karena mereka mendukung Pemerintahan yg Sah dan Larangan Memberontak kepada Pemerintahan yg Sah. Buzzerp Cebong memang otaknya isinya TAI nya.",in,[],[],745087008331042816,745087008331042816,ichsan_itcomm,Ichsan Yudhis,1,06,https://twitter.com/ichsan_itcomm/status/1586963246506180608,[],[],0,,False,5,2,0,,larangan wahabi,,,,,,,"[{'screen_name': 'Dennysiregar7', 'name': 'Denny Siregar', 'id': '4780649298'}, {'screen_name': 'nahdlatululama', 'name': 'Nahdlatul Ulama', 'id': '4279971798'}]",,,,
1586956928080830464,1586941920625889280,1667194990000.0,2022-10-31 05:43:10,+0000,,@Dennysiregar7 @nahdlatululama Misinya tercapai... SETEM BEGEMBIRA RIA.. selah PBNU merekomendasi Larangan Wahabi..lengkap sdh pecah belah umat ini. Berhagia Lagh DENY BESRTA SETAN BAZZER LAINNYA.. CAIR..2..2.,in,[],[],1484326376731975688,1484326376731975688,MShodiq13226103,M Shodiq,1,05,https://twitter.com/MShodiq13226103/status/1586956928080830464,[],[],0,,False,0,0,0,,larangan wahabi,,,,,,,"[{'screen_name': 'Dennysiregar7', 'name': 'Denny Siregar', 'id': '4780649298'}, {'screen_name': 'nahdlatululama', 'name': 'Nahdlatul Ulama', 'id': '4279971798'}]",,,,
1586913056516608000,1586913056516608000,1667184530000.0,2022-10-31 02:48:50,+0000,,"Nahdatul Ulama mencadangkan agar larangan penyebaran ajaran wahabi dikuat kuasa kerana ajaran itu didakwa menjadi benih kepada kemunculan fahaman radikalisme, ekstremisme dan terorisme.   Penuh di:  https://t.co/WWrjOTYvKr",in,[],[],1349585522042183681,1349585522042183681,MySamudera,Samudera.my,1,02,https://twitter.com/MySamudera/status/1586913056516608000,['https://www.samudera.my/ajaran-wahabi-pintu-masuknya-terorisme-nahdlatul-ulama-cadang-kuat-kuasa-larangan/'],[],0,,False,6,0,2,,larangan wahabi,,,,,,,[],,,,
1586862564612661248,1585808795808456706,1667172492000.0,2022-10-30 23:28:12,+0000,,@HazirinAgsha @NovalAssegaf larangan nu ke wahabi apa itu menyejukan? bukan provokasi?,in,[],[],628898651,628898651,oktav0,ok_jek,7,23,https://twitter.com/oktav0/status/1586862564612661248,[],[],0,,False,0,4,0,,larangan wahabi,,,,,,,"[{'screen_name': 'HazirinAgsha', 'name': 'Agsha Hazirin', 'id': '1471632089350950912'}, {'screen_name': 'NovalAssegaf', 'name': 'Noval Assegaf', 'id': '243880064'}]",,,,
1586566684428886019,1586566684428886019,1667101949000.0,2022-10-30 03:52:29,+0000,,"Ramai sekali ya membaca larangan Wahabi. Terus bergeser ke perdebatan soal Maulid Nabi.  Bagi saya, semua nabi merayakan MAULID NABI dengan bentuk mensyukuri tanggal kelahiran. Nabi Muhammad mensyukuri dengan wujud puasa hari Senin. Nabi Isa pun mensyukuri. Bisa dicek Maryam/33.  https://t.co/yfG3l8Gilr",in,[],[],1344446501112565761,1344446501112565761,mihrabku,Effendi,7,03,https://twitter.com/mihrabku/status/1586566684428886019,[],['https://pbs.twimg.com/media/FgSd_ZGakAAXk0W.jpg'],1,https://pbs.twimg.com/media/FgSd_ZGakAAXk0W.jpg,False,73,3,22,,larangan wahabi,,,,,,,[],,,,
1586561419104772096,1586505888122429440,1667100693000.0,2022-10-30 03:31:33,+0000,,"@CNNIndonesia Yg kalian tandai dari ajaran ""wahabi"" itu cuma larangan ini itu yg maksud sebenarnya adalah untuk jaga diri supaya kita bisa terhindar dari bid'ah dan kemudian ibadah kita diterima. Urusan teknologi itu bkn bid'ah,, bid'ah itu menambah nambah ajaran dlm ibadah tnp nash yg jls",in,[],[],1542716254716567552,1542716254716567552,anne_alfa,noni indo,7,03,https://twitter.com/anne_alfa/status/1586561419104772096,[],[],0,,False,2,1,0,,larangan wahabi,,,,,,,"[{'screen_name': 'CNNIndonesia', 'name': 'CNN Indonesia', 'id': '17128975'}]",,,,
1586485473450393600,1586485473450393600,1667082587000.0,2022-10-29 22:29:47,+0000,,Rekomendasi LD PBNU Soal Larangan Penyebaran Wahabi Mulai Direspon Warganet bgmn jika lembaga ini saja yg dibubarkan cuma bikin rakyat terutama umat islam terpecah belah &amp; sengsara serta cuma urus umat lain,in,[],[],1428551954423173121,1428551954423173121,HasbadjaRashid,rashid hasbadja,6,22,https://twitter.com/HasbadjaRashid/status/1586485473450393600,[],[],0,,False,0,0,0,,larangan wahabi,,,,,,,[],,,,
1586481946791510016,1586481946791510016,1667081746000.0,2022-10-29 22:15:46,+0000,,"Fahmi Salim mengajak semua pihak menjauhkan diri dari sikap fanatik dan menguatkan ukhuwah Islamiyah. Menurutnya, rekomendasi LDNU yg minta Pemerintah larangan Wahabi-HijrahFest ini merupakan tantangan berat bagi dakwah dan ukhuwah Islam di Indonesia.  https://t.co/ya9kXpyvUP",in,[],[],65991060,65991060,hidcom,Hidayatullah.com,6,22,https://twitter.com/hidcom/status/1586481946791510016,['https://www.hidayatullah.com/berita/nasional/read/2022/10/29/239187/ldnu-minta-wahabi-dan-hijrahfest-dilarang-aktivis-muhammadiyah-ajak-jauhi-fanatisme-dan-kuatkan-ukhuwah.html'],[],0,,False,66,3,19,,larangan wahabi,,,,,,,[],,,,
1586325662968602624,1586165931432357888,1667044485000.0,2022-10-29 11:54:45,+0000,,@CNNIndonesia Kan FPI dan HTI sudah bubar...kok masih pengin ngepruk Wahabi pula? Ingat lho FPI itu sebenarnya anti Wahabi juga lho tapi sayang sudah dikepruk duluan ngapain dulu nggak dirangkul buat mensahkan larangan buat Wahabi. Ya salahne deweq...,in,[],[],1308277812013326336,1308277812013326336,AriesaNorman,Ariesta_Norman,6,11,https://twitter.com/AriesaNorman/status/1586325662968602624,[],[],0,,False,0,0,0,,larangan wahabi,,,,,,,"[{'screen_name': 'CNNIndonesia', 'name': 'CNN Indonesia', 'id': '17128975'}]",,,,
1586251755305586688,1586251755305586688,1667026864000.0,2022-10-29 07:01:04,+0000,,"Banyak kali larangan kalian, sampai hak azasi orang lainpun kalian urusi, yang intoleran itu sesungguhnya siapa?  Lembaga Dakwah PBNU Minta Pemerintah Larang Wahabi-HijrahFest  https://t.co/QoLN9IMgIg",in,[],[],792032600143441920,792032600143441920,AyahSyafar,Istana Serakah,6,07,https://twitter.com/AyahSyafar/status/1586251755305586688,['https://dtk.id/Nwrvcn'],[],0,,False,0,0,0,,larangan wahabi,,,,,,,[],,,,
1586233349303304192,1586156939993649152,1667022475000.0,2022-10-29 05:47:55,+0000,,"@detikcom padahal potongan video mengenai larangan demo dr ustadz2 yg dibilang wahabi ini suka dipake sama mereka2 buat nyerang saudara muslim yg msh demo.. üòÅ Pdhl klo liat list pengisi hijrahfest, kyknya byk ustadz yg bkn  'Wahabi' üòÅ",in,[],[],44353330,44353330,ja_und,ja.und,6,05,https://twitter.com/ja_und/status/1586233349303304192,[],[],0,,False,0,0,0,,larangan wahabi,,,,,,,"[{'screen_name': 'detikcom', 'name': 'detikcom', 'id': '69183155'}]",,,,
1586220343932264448,1586220343932264448,1667019375000.0,2022-10-29 04:56:15,+0000,,14 Larangan Menyia Nyiakan Waktu. Baca üëâ  https://t.co/2gsidXksDT . Trend üöÄ Alhamdulillah Wahabi Sri Asih winwin Gita Barca Elon Musk Kazuha Morn 28 Oktober #JumatBerkah #Islam Pagii Info Gempa Mag Muhammadiyah Maria Halloween.  https://t.co/epkuRQwi8l,in,"['jumatberkah', 'islam']",[],764588900559958016,764588900559958016,aksibelaulama,RI 1,6,04,https://twitter.com/aksibelaulama/status/1586220343932264448,['https://tinyurl.com/292bxcw4'],['https://pbs.twimg.com/media/FgNi_pTaYAILSmi.jpg'],1,https://pbs.twimg.com/media/FgNi_pTaYAILSmi.jpg,False,0,0,0,,larangan wahabi,,,,,,,[],,,,
1586213616994615298,1586213616994615298,1667017771000.0,2022-10-29 04:29:31,+0000,,Setuju dengan @nahdlatululama @DakwahPBNU @Lakpesdam_PBNU Pemerintah segera membuat aturan dan larangan yg tegas terhadap kelompok dan pengikut Wahabi .agar kelompok Wahabi tidak makin luas menyebar. CC @jokowi @mohmahfudmd @YaqutCQoumas @ListyoSigitP @prabowo,in,[],[],2323592137,2323592137,_Goentoer_,P3TI12 üáÆüá©‚ö°,6,04,https://twitter.com/_Goentoer_/status/1586213616994615298,[],[],0,,False,2,0,1,https://twitter.com/PadmavatiPrati1/status/1586195299185602560,larangan wahabi,,,,,,,[],,,,
1586206708732346368,1586206708732346368,1667016124000.0,2022-10-29 04:02:04,+0000,,"Sekelas PBNU memahami dan memberi kebijaksanaan aja gagal, terangkan apa itu wahabi, berikan alasan, baru larangan. Teriak pancasila tapi ga paham konsep keberagaman yang satu dasar. Aneh",in,[],[],1417141421513986055,1417141421513986055,kandasiapa,CallmeAlex,6,04,https://twitter.com/kandasiapa/status/1586206708732346368,[],[],0,,False,1,0,0,https://twitter.com/detikcom/status/1586156939993649152,larangan wahabi,,,,,,,[],,,,
1586203634005524480,1586203634005524480,1667015391000.0,2022-10-29 03:49:51,+0000,,Rekomendasi LD PBNU Soal Larangan Penyebaran Wahabi Mulai Direspon Warganet  https://t.co/gp4a6MlJkh,in,[],[],158424269,158424269,mahmud_plg,Mahmud,6,03,https://twitter.com/mahmud_plg/status/1586203634005524480,['https://sumeks.disway.id/read/647836/rekomendasi-ld-pbnu-soal-larangan-penyebaran-wahabi-mulai-direspon-warganet#.Y1yi2RX_Mhc.twitter'],[],0,,False,0,0,0,,larangan wahabi,,,,,,,[],,,,
1586202432828493830,1586202432828493830,1667015104000.0,2022-10-29 03:45:04,+0000,,Siang Bestie üôè - STS CARGO CHARTER ‚ÄºÔ∏è - JL. PROF. DR. HAMKA NO. 1A LARANGAN UTARA TANGERANG KOTA ( PERUM TAMAN ASRI ) - MAP :  https://t.co/eaVP1i6XRP WA :  https://t.co/CQAclVd0PA - Pengiriman #Paket : #Pindahan #Motor #Sparepart dll - [ #AntiTipuTipu Elon Musk Halloween Wahabi ]  https://t.co/ouExOIalJg,in,"['paket', 'pindahan', 'motor', 'sparepart', 'antitiputipu']",[],1445716512250023946,1445716512250023946,nalarsakit,Pitakonan Jaya Abadi,6,03,https://twitter.com/nalarsakit/status/1586202432828493830,"['https://goo.gl/maps/WMRZkmkxPJ2qhDeP7', 'https://api.whatsapp.com/send?phone=6281315224477']",['https://pbs.twimg.com/media/FgNSZO1aAAAvXRO.jpg'],1,https://pbs.twimg.com/media/FgNSZO1aAAAvXRO.jpg,False,4,0,1,,larangan wahabi,,,,,,,[],,,,
1586174901236682753,1586174901236682753,1667008540000.0,2022-10-29 01:55:40,+0000,,Untuk larangan wahabi saya setuju..!,in,[],[],1480567092587810819,1480567092587810819,kembang_asem,kembang_asem,6,01,https://twitter.com/kembang_asem/status/1586174901236682753,[],[],0,,False,0,0,0,https://twitter.com/detikcom/status/1586156939993649152,larangan wahabi,,,,,,,[],,,,
1586125987523088384,1586125987523088384,1666996878000.0,2022-10-28 22:41:18,+0000,,PBNU Minta Pemerintah Bikin Regulasi Larangan Penyebaran Paham Wahabi -  https://t.co/WGpO4pZYFl  https://t.co/ZLe7kKnY4n,in,[],[],1499728604384481282,1499728604384481282,news_delik,delik.news,5,22,https://twitter.com/news_delik/status/1586125987523088384,"['http://carubannagari.com', 'https://carubannagari.delik.news/pbnu-minta-pemerintah-bikin-regulasi-larangan-penyebaran-paham-wahabi/']",[],0,,False,0,0,0,,larangan wahabi,,,,,,,[],,,,
1586016664956436480,1585876299930689536,1666970814000.0,2022-10-28 15:26:54,+0000,,@geloraco Apakah memang sdh ada larangan dr pemerintah untuk melarang wahabi berdakwah di indonesia?@cholilnafis  @lppom_mui,in,[],[],1360086668447895556,1360086668447895556,RifaiTaqwin,GALESONG,5,15,https://twitter.com/RifaiTaqwin/status/1586016664956436480,[],[],0,,False,0,0,0,,larangan wahabi,,,,,,,"[{'screen_name': 'geloraco', 'name': 'GELORA NEWS', 'id': '3319260420'}]",,,,
1585976159027617792,1585976159027617792,1666961156000.0,2022-10-28 12:45:56,+0000,,"Ngapain juga pake larangan, isi aja sendiri, Masjid2 Kantor pasti patuh sama penguasa, medah2an jemaahnya betah. #GituAjaKokRepot LD PBNU Minta Pemerintah Larang Wahabi Ngisi Ceramah di Masjid Kantor, Mubalighnya Siap Gantikan -  https://t.co/W7CTrFhndt",in,['gituajakokrepot'],[],792032600143441920,792032600143441920,AyahSyafar,Istana Serakah,5,12,https://twitter.com/AyahSyafar/status/1585976159027617792,['https://www.gelora.co/2022/10/ld-pbnu-minta-pemerintah-larang-wahabi.html'],[],0,,False,0,0,0,,larangan wahabi,,,,,,,[],,,,
1585867660402704384,1585780903468732416,1666935288000.0,2022-10-28 05:34:48,+0000,,"@CNNIndonesia Klo Nu ngajukan larangan organisasi islam, wahabi juga boleh ngusir Nu dong, emang Nu siapa, hidup di Jndonesia bukan Nu saja sangat beragam. NU ini juga salah satu organisasi anti kebinekaan. Adu dalil jangan mentang2 mayoritas yang minoritas ditindas,  kafir dibela. Munafik",in,[],[],1332701532635099137,1332701532635099137,Ariandi99092951,Ari Andi Prawira,5,05,https://twitter.com/Ariandi99092951/status/1585867660402704384,[],[],0,,False,0,0,0,,larangan wahabi,,,,,,,"[{'screen_name': 'CNNIndonesia', 'name': 'CNN Indonesia', 'id': '17128975'}]",,,,
1585800637937496064,1585794197449109505,1666919309000.0,2022-10-28 01:08:29,+0000,,"@adityasdp @Geyelicius Implikasi jika larangan penyebaran wahabi itu disahkan, kita tidak akan lagi bebas bilang itu bhidah, itu sesat, itu k*fir.  Berani bilang begitu, kita sudah kena ""UU Wahabi"" tersebut.",in,[],[],1029249483471642625,1029249483471642625,qdewangga_,ùöÉÔ£øùöñùöñùö¢ ùô≥ ùöÑùöêùöõ,5,01,https://twitter.com/qdewangga_/status/1585800637937496064,[],[],0,,False,0,1,0,,larangan wahabi,,,,,,,"[{'screen_name': 'adityasdp', 'name': 'Aditpati', 'id': '1430289708'}, {'screen_name': 'Geyelicius', 'name': 'txtdarikenùïÇùî∏ùîΩùî∏‚Ñï tiksdiriKIFIN', 'id': '18406448'}]",,,,
1585798669965545472,1585798669965545472,1666918840000.0,2022-10-28 01:00:40,+0000,,Any Dirosah: Penjelasan Singkat Nahyi (Larangan) Dalam Ilmu Ushul Fiqh  https://t.co/KNfFyCxtsa  #jumatberkah #wahabi,in,"['jumatberkah', 'wahabi']",[],1186320642464829440,1186320642464829440,amriysir,Amri Yasir Mustaqim,5,01,https://twitter.com/amriysir/status/1585798669965545472,['https://anydirosah.blogspot.com/2022/10/penjelasan-singkat-nahyi-larangan-dalam.html?spref=tw'],[],0,,False,0,0,0,,larangan wahabi,,,,,,,[],,,,
1585798287042678784,1585798287042678784,1666918748000.0,2022-10-28 00:59:08,+0000,,Any Dirosah: Penjelasan Singkat Nahyi (Larangan) Dalam Ilmu Ushul Fiqh   https://t.co/1zvJDcA5Ap   #jumatberkah #wahabi,in,"['jumatberkah', 'wahabi']",[],1461269418856484864,1461269418856484864,ajaran_baik,Ajaran Baik,5,00,https://twitter.com/ajaran_baik/status/1585798287042678784,['https://anydirosah.blogspot.com/2022/10/penjelasan-singkat-nahyi-larangan-dalam.html?spref=tw'],[],0,,False,0,0,0,,larangan wahabi,,,,,,,[],,,,
1585484737430228992,1585143899013931008,1666843992000.0,2022-10-27 04:13:12,+0000,,@Deuwais @AkramSolihin Bodo ialah bahasa bkn mencarut...aku sokong uai guna kat wahabi yg jelas2 karut...dlm al quran ada larangan.mkn.darah...wahabi.bkn setalat Bodo malah.dah smpai tahap musuh islam yg tersembunyi,in,[],[],779470325855629312,779470325855629312,kucinghutan30,samarani,4,04,https://twitter.com/kucinghutan30/status/1585484737430228992,[],[],0,,False,2,0,0,,larangan wahabi,,,,,,,"[{'screen_name': 'Deuwais', 'name': 'ùí∂ùìÅ ùíªùí∂ùìÜùíæùìá', 'id': '955294471'}, {'screen_name': 'AkramSolihin', 'name': 'Akram', 'id': '486733943'}]",,,,
1581643700182007808,1581477228780539904,1665928218000.0,2022-10-16 13:50:18,+0000,,"@harismz @shahab_helda Akhirnya kita bersyukur haramain dikelola ""wahabi"" seandainya dikelola aliran tradisionalis mungkin Haramain dipasangin spanduk, dikasih tulisan larangan tidur. Yg ramai kompleks pemakamannya.",in,[],[],1077931607766388736,1077931607766388736,KlanSemendaway,Duta Komering,7,13,https://twitter.com/KlanSemendaway/status/1581643700182007808,[],[],0,,False,5,1,1,,larangan wahabi,,,,,,,"[{'screen_name': 'harismz', 'name': 'harismz', 'id': '141873937'}, {'screen_name': 'shahab_helda', 'name': 'Helda Shahab', 'id': '1457181474503868421'}]",,,,
1581209773680168961,1581209773680168961,1665824762000.0,2022-10-15 09:06:02,+0000,,"Emangnya nape sama Wahabi, Ibnu Taimiyyah orang Wahabi, lha aku baca2 di twitter sini kalau Taimiyyah yg dipakai NU aja dari Wahabi. Selama Rukun islam dan Imam masih sama, aku anggap mereka tak sesat, mereka cuma masuk kategori Jamaah saja kok, tak ada larangan",in,[],[],3435242294,3435242294,ArwahMiliter,Son John Key üôÑüôÑüôÑ,6,09,https://twitter.com/ArwahMiliter/status/1581209773680168961,[],[],0,,False,1,3,1,https://twitter.com/sayid__machmoed/status/1580170172291174402,larangan wahabi,,,,,,,[],,,,
1578878712350924800,1578618134030077952,1665268993000.0,2022-10-08 22:43:13,+0000,,"Jika ada larangan maka hukumnya jadi haram, jika pernah dilakukan Rasulullah tapi tidak rutin atau tidak diwajibkan maka hukumnya jadi Sunnah.  Jika memakai konsep wahabi maka sholat di luar arab hukumnya bisa jadi haram, atau zakat fitrah pakai beras juga jadi haram..",in,[],[],916000413643501568,916000413643501568,musashi_masabi,ùï∏ ùï∏ùñÜùñòùñÜùñáùñé üáÆüá©,6,22,https://twitter.com/musashi_masabi/status/1578878712350924800,[],[],0,,False,1,1,0,,larangan wahabi,,,,,,,[],,,,
1578308665034932225,1578205505859702786,1665133083000.0,2022-10-07 08:58:03,+0000,,"@DjidiDewa @SufiDeso @tembangjiwa Baca dong dalilnya, supaya lue gak kelihatan dongok-dongok amat! ü§£ü§£ü§£  Pengikut Allah (Wahabi) itu hanya menjalankan perintah dan menjauhi larangan Rasulullah.  Nih baca ulang lagi! Tunjukkan mana yang yang bertentangan dg sunnah Rasulullah!  https://t.co/XacwfPICvz",in,[],[],1554247480598237184,1554247480598237184,MuchlasMas1,Mas Muchlas,5,08,https://twitter.com/MuchlasMas1/status/1578308665034932225,[],['https://pbs.twimg.com/media/FedHW80VQAErx5q.jpg'],1,https://pbs.twimg.com/media/FedHW80VQAErx5q.jpg,False,1,1,0,,larangan wahabi,,,,,,,"[{'screen_name': 'DjidiDewa', 'name': 'Djidi Dewa', 'id': '1155576474'}, {'screen_name': 'SufiDeso', 'name': 'Sugeng_slamet', 'id': '1335348455821070336'}, {'screen_name': 'tembangjiwa', 'name': 'Penjerat Naga 1312', 'id': '1100383909773070336'}]",,,,
1568021685005352960,1534011464293371904,1662680476000.0,2022-09-08 23:41:16,+0000,,"@Aarif_erdem @fotodakwah @sayid__machmoed Semua ngaku pacar laila, laila kenalpun kagak. Semua ngaku keturunan Nabi, tapi larangan Nabi jangan berbuat bid'ah dikacangin, diperintahkan untuk bertauhid, katanya wahabi, disuruh mengikuti sunnah katanya khawarij, radikal. Perbuatan dan kelakuan berbanding terbalik  https://t.co/w3RbCinGWl",in,[],[],1452631000283066375,1452631000283066375,queenraana,Queenrana,4,23,https://twitter.com/queenraana/status/1568021685005352960,[],['https://pbs.twimg.com/media/FcK7aVMacAEHdPf.jpg'],1,https://pbs.twimg.com/media/FcK7aVMacAEHdPf.jpg,False,0,1,0,,larangan wahabi,,,,,,,"[{'screen_name': 'Aarif_erdem', 'name': 'Art√™', 'id': '1140986939274694656'}, {'screen_name': 'fotodakwah', 'name': 'Txtdr Foto Dakwah', 'id': '105428309'}, {'screen_name': 'sayid__machmoed', 'name': 'Sayid Machmoed BSA', 'id': '925562635289952256'}]",,,,
1555900615142014977,1544894537243377665,1659790588000.0,2022-08-06 12:56:28,+0000,, https://t.co/4Sku1qzyzT fatwa wahabi salafi ke19 larangan wisata ke candi,in,[],[],1218709030748602368,1218709030748602368,wahabi92013848,wahabi,6,12,https://twitter.com/wahabi92013848/status/1555900615142014977,['https://twitter.com/wahabi92013848/status/1555549288511721473'],[],0,,False,0,1,0,https://twitter.com/wahabi92013848/status/1555549288511721473,larangan wahabi,,,,,,,[],,,,
1550674922791669760,1550361818920407040,1658544686000.0,2022-07-23 02:51:26,+0000,,@sayid__machmoed Setelah liat postingan ini saya coba cari referensi ustad2 yg di tuduh wahabi saya tidak menemukan larangan ziarah kubur yg di larang itu meminta2 kepada kubur ..,in,[],[],3313048693,3313048693,rozalimandala,Rozali Mandala Putra,6,02,https://twitter.com/rozalimandala/status/1550674922791669760,[],[],0,,False,0,0,0,,larangan wahabi,,,,,,,"[{'screen_name': 'sayid__machmoed', 'name': 'Sayid Machmoed BSA', 'id': '925562635289952256'}]",,,,
1548638760170323968,1548638760170323968,1658059227000.0,2022-07-17 12:00:27,+0000,,"Ayoo kita Tahlil,  Abaikan larangan Wahabi, Nabi aja gak ngelarang koküòéüòÅ  Wahabi itu Khawariz zaman ini  https://t.co/tZxZJGE9FN",in,[],[],1155576474,1155576474,DjidiDewa,Djidi Dewa,7,12,https://twitter.com/DjidiDewa/status/1548638760170323968,[],"['https://pbs.twimg.com/media/FX3eu8MagAE43uG.jpg', 'https://pbs.twimg.com/media/FX3evaVaAAMYVZY.jpg']",1,https://pbs.twimg.com/media/FX3eu8MagAE43uG.jpg,False,0,0,0,,larangan wahabi,,,,,,,[],,,,
1544580059033649153,1544214744743047168,1657091557000.0,2022-07-06 07:12:37,+0000,,"Haloo @AllyshodiqAlly üòÉüëã Selamat membaca! ""Dalil Larangan Safar Kecuali Pada Tiga Masjid, Yakni Masjidil Haram, Masjid Rasulullah dan Masjidil Aqsha. Oleh Wahabi Di Belokin Ke Kuburan, Jahil Muroqab.!!  Dalil yang mereka guna...""  https://t.co/NzrThoHNi1",in,[],[],2674103198,2674103198,bacautas,Bacautas | Biar lebih enak dibaca,3,07,https://twitter.com/bacautas/status/1544580059033649153,['https://bacautas.com/1544214744743047168'],[],0,,False,0,0,0,,larangan wahabi,,,,,,,[],,,,
1544214744743047168,1544214744743047168,1657004459000.0,2022-07-05 07:00:59,+0000,,"Dalil Larangan Safar Kecuali Pada Tiga Masjid, Yakni Masjidil Haram, Masjid Rasulullah dan Masjidil Aqsha. Oleh Wahabi Di Belokin Ke Kuburan, Jahil Muroqab.!!  Dalil yang mereka gunakan cuma satu, berikut ini. Nabi Ô∑∫ bersabda :  https://t.co/MtSt3BNM9G",in,[],[],925562635289952256,925562635289952256,sayid__machmoed,Sayid Machmoed BSA,2,07,https://twitter.com/sayid__machmoed/status/1544214744743047168,[],['https://pbs.twimg.com/media/FW4nH4TaMAEFIPw.jpg'],1,https://pbs.twimg.com/media/FW4nH4TaMAEFIPw.jpg,False,887,24,267,,larangan wahabi,,,,,,,[],,,,
1537109601153187842,1536896011875995649,1655310461000.0,2022-06-15 16:27:41,+0000,,"@PutrantoL @Aguskrisyanto7 Ketahuan banget klo ngarang.  Jangan pukul rata orang Salafi = wahabi = kadrun = khilafah.  Kholid justru mendukung pemerintahan yg sedang berjalan. Cek di yutubnya Corbuzier, tau ceramahnya ttg larangan mendemo, mencela pemerintah.  Gak suka gpp, tp jangan asal mangap.",in,[],[],168893983,168893983,instakilogram__,Saya Sendiri,3,16,https://twitter.com/instakilogram__/status/1537109601153187842,[],[],0,,False,0,1,1,,larangan wahabi,,,,,,,"[{'screen_name': 'PutrantoL', 'name': 'very cool', 'id': '1314335925665624065'}, {'screen_name': 'AgusKrisyanto7', 'name': 'Agus Krisyanto', 'id': '1540613748897226752'}]",,,,
1535445114020978689,1535260824914169857,1654913617000.0,2022-06-11 02:13:37,+0000,,@03__nakula @Karinawung Begitu itu.. Klo model beragama cuma KTP..  Larangan itu bentuk perintah yg harus dijauhi bagi penganutnya.  Bukan pemaksaan hukum terhadap mereka yg gak manganutnya. Kbelingernya Pendukung Salafi wahabi nih ya begitu mereka.,in,[],[],2217829813,2217829813,AswinbaharD,Aswin bahar D,6,02,https://twitter.com/AswinbaharD/status/1535445114020978689,[],[],0,,False,2,0,0,,larangan wahabi,,,,,,,"[{'screen_name': '03__nakula', 'name': 'Nakula', 'id': '1101696077147729920'}, {'screen_name': 'Karinawung', 'name': 'Karina wung ‚ù§üáÆüá©', 'id': '479260851'}]",,,,
1534523811608993792,1534523811608993792,1654693961000.0,2022-06-08 13:12:41,+0000,,"LARANGAN MENGAMPANYEKAN KHILAFAH DI INDONESIA  Prof. H. Kamaruddin Amin, M.A ., ( Dirjen Bimas Islam, Kemenag RI)  #nkrihargamati #islamcintadamai #toleransiberagama #khilafahajaranislam #khilafah #khilafahjanjiallah #salaf  #wahabi  https://t.co/CMAGSGNKgc",in,"['nkrihargamati', 'islamcintadamai', 'toleransiberagama', 'khilafahajaranislam', 'khilafah', 'khilafahjanjiallah', 'salaf', 'wahabi']",[],1248115001698721793,1248115001698721793,rezaismail212,reza,3,13,https://twitter.com/rezaismail212/status/1534523811608993792,[],['https://pbs.twimg.com/media/FUu5RhJagAAb3C9.jpg'],1,https://pbs.twimg.com/media/FUu5RhJagAAb3C9.jpg,False,0,0,0,,larangan wahabi,,,,,,,[],,,,
1534522413718810625,1534522413718810625,1654693628000.0,2022-06-08 13:07:08,+0000,,"LARANGAN MENGAMPANYEKAN KHILAFAH DI INDONESIA  Prof. H. Kamaruddin Amin, M.A ., ( Dirjen Bimas Islam, Kemenag RI)  #nkrihargamati #islamcintadamai #toleransiberagama #khilafahajaranislam #khilafah #khilafahjanjiallah #salaf  #wahabi  https://t.co/47uMBGRAAI",in,"['nkrihargamati', 'islamcintadamai', 'toleransiberagama', 'khilafahajaranislam', 'khilafah', 'khilafahjanjiallah', 'salaf', 'wahabi']",[],1511020054426660870,1511020054426660870,bhinnekaone5,Bhinnekaone,3,13,https://twitter.com/bhinnekaone5/status/1534522413718810625,[],['https://pbs.twimg.com/media/FUu4AHRacAAMEwq.jpg'],1,https://pbs.twimg.com/media/FUu4AHRacAAMEwq.jpg,False,0,0,0,,larangan wahabi,,,,,,,[],,,,
1534505923707686912,1534505923707686912,1654689696000.0,2022-06-08 12:01:36,+0000,,"LARANGAN MENGAMPANYEKAN KHILAFAH DI INDONESIA  Prof. H. Kamaruddin Amin, M.A ., ( Dirjen Bimas Islam, Kemenag RI)  #nkrihargamati #islamcintadamai #toleransiberagama #khilafahajaranislam #khilafah #khilafahjanjiallah #salaf  #wahabi  https://t.co/2HHzpWMU8L",in,"['nkrihargamati', 'islamcintadamai', 'toleransiberagama', 'khilafahajaranislam', 'khilafah', 'khilafahjanjiallah', 'salaf', 'wahabi']",[],1510811504081178624,1510811504081178624,MediaInformas15,Media Informasi Kebaikan,3,12,https://twitter.com/MediaInformas15/status/1534505923707686912,[],['https://pbs.twimg.com/media/FUupAR1aAAEd3wF.jpg'],1,https://pbs.twimg.com/media/FUupAR1aAAEd3wF.jpg,False,0,0,0,,larangan wahabi,,,,,,,[],,,,
1529609817148772353,1528769235455213568,1653522373000.0,2022-05-25 23:46:13,+0000,,"@BakarSmith @triadiwidianto @na_dirs @Arie_Kriting @Filsafat_Muslim @sayid__machmoed @Uki23 @maman1965 Pake sarung dan ridak cm untuk ngibulin umat, sen sen haha..  Gini kok d bilang ulama.  Mendukung LGBT atau membiarkan kaum luth it sm saja melawan perintah Allah, mn ad ulama yg meringan2kan Larangan Allah, klo Wahabi sk membid'ahkan, dia (liberal)sk membolehkan.",in,[],[],1487218201,1487218201,AkhifaDanie,Pengawal NusantaraüáÆüá©,3,23,https://twitter.com/AkhifaDanie/status/1529609817148772353,[],[],0,,False,0,0,0,,larangan wahabi,,,,,,,"[{'screen_name': 'BakarSmith', 'name': 'Bakr Smith', 'id': '1100305795'}, {'screen_name': 'triadiwidianto', 'name': 'bagus.p', 'id': '108664450'}, {'screen_name': 'na_dirs', 'name': 'Khazanah GNH', 'id': '3895489933'}, {'screen_name': 'Arie_Kriting', 'name': 'ARIE KRITING', 'id': '102215394'}, {'screen_name': 'Filsafat_Muslim', 'name': 'FILOSUFI', 'id': '1356804025'}, {'screen_name': 'sayid__machmoed', 'name': 'Sayid Machmoed BSA', 'id': '925562635289952256'}, {'screen_name': 'Uki23', 'name': 'Dedek Prayudi - Uki || (ig: @uki_dedek)', 'id': '64677484'}, {'screen_name': 'maman1965', 'name': 'IG : kangmaman1965', 'id': '405822983'}]",,,,
1526361610985799680,1526169369897709575,1652747941000.0,2022-05-17 00:39:01,+0000,,"@yogaadit25 @Lady_Zeebo Mau Wahabi, Syiah dll asalkan gak recokin pemerintahan yg sah, asal gak Dema demo mau ganti sistem dll, asal ga bikin onar trhadap warga lain mah gabada larangan",in,[],[],1102080977457696769,1102080977457696769,g4kta,Omar Affandi,2,00,https://twitter.com/g4kta/status/1526361610985799680,[],[],0,,False,1,0,0,,larangan wahabi,,,,,,,"[{'screen_name': 'yogaadit25', 'name': 'Yogaadit25', 'id': '1074680513556709376'}, {'screen_name': 'Lady_Zeebo', 'name': 'Lady Zeebo | Instagram @Lady_Zeboo |', 'id': '2254408218'}]",,,,
1519470270460796928,1504222563437740032,1651104917000.0,2022-04-28 00:15:17,+0000,,"@jung_zL @IndonesiaMesin @wildanliu hahaha sadar , gua sadar bro.. wahabi itu gak sesat tapi terlalu keras .. terlalu banyak larangan yg di larang itu menurut gua sebagian gak perlu, kayak yasinan,, slah nya di mana gak perlu di tambah2 brrti al quran gak perlu di tambah tanda baca juga donk dulu.. lucu",in,[],[],265097372,265097372,afdian_esa,afdianesa,4,00,https://twitter.com/afdian_esa/status/1519470270460796928,[],[],0,,False,0,0,0,,larangan wahabi,,,,,,,"[{'screen_name': 'jung_zL', 'name': 'pauzul', 'id': '1267113534720077825'}, {'screen_name': 'IndonesiaMesin', 'name': 'mesin takwa Indonesia', 'id': '1503293135266643970'}, {'screen_name': 'wildanliu', 'name': 'Liu', 'id': '923258918'}]",,,,
1503137180319125506,1502135909105664000,1647210805000.0,2022-03-13 22:33:25,+0000,,"@edelweiss24_ @NugNug_87 @purwa1411 @Jokowo09994509 @fly_free_DY @TofaTofa_id Simpulan yang salah. Orang berilmu itu bukan nabi bukan maksum.   Ajaran wahabi yg sesat itu, cuci otak dan membodohkan pengikut.  Coba tunjukkan di mana perintah larangan dekat dwngan non muslim. Itu hanya terjemahan dan pemahaman anda dan wahabi.   üòÇ",in,[],[],1023870890243551232,1023870890243551232,MomBellayu,Bunda Ayu,7,22,https://twitter.com/MomBellayu/status/1503137180319125506,[],[],0,,False,0,0,0,,larangan wahabi,,,,,,,"[{'screen_name': 'edelweiss24_', 'name': 'edelweiss_', 'id': '1472485071407910919'}, {'screen_name': 'NugNug_87', 'name': 'NugNug', 'id': '837903301'}, {'screen_name': 'purwa1411', 'name': 'Cuma Penonton', 'id': '2579709356'}, {'screen_name': 'Jokowo09994509', 'name': 'crorori', 'id': '1390202294122127362'}, {'screen_name': 'fly_free_DY', 'name': '- ‚ò™Ô∏è -', 'id': '1383026035927654404'}, {'screen_name': 'TofaTofa_id', 'name': 'MUSTOFA NAHRAWARDAYA', 'id': '1189960086170435584'}]",,,,
1501055399629185024,1500860543439376388,1646714470000.0,2022-03-08 04:41:10,+0000,,"@zetoum @amrudinnejad_ @YaqutCQoumas Ngebet Pengen Diangkat Jadi Pejabat Negara &amp; Punya Kekuasaan Pemerintahan : Boleh, Tak Ada Larangan.  Pakailah Otak &amp; Kemampuan Intelektual Buat Meraihnya. Jika Cuma JUALAN Narasi Kadrun ? Radikal Radikul ? Wahabi ? Saya Pancasila ? Saya Bhineka ?   Itu SAMA SAJA Otaknya KOSONG !",in,[],[],553433472,553433472,chandra_manan,DCH Andra : 2022 üá≤üá®,2,04,https://twitter.com/chandra_manan/status/1501055399629185024,[],[],0,,False,1,1,0,,larangan wahabi,,,,,,,"[{'screen_name': 'zetoum', 'name': 'Indonesia One', 'id': '885097978179878912'}, {'screen_name': 'amrudinnejad_', 'name': 'Amrudin Nejad', 'id': '720160744461848577'}, {'screen_name': 'YaqutCQoumas', 'name': 'Yaqut Cholil Qoumas', 'id': '1341928495253868545'}]",,,,
1500259182309933056,1500259182309933056,1646524637000.0,2022-03-05 23:57:17,+0000,,"Ada orang yg tidak bisa sujud karena kakinya sakit. Ada yg sholat tidak bisa berdiri karena kakinya sakit. Untuk melihat yg Mabuk Dalil (Wahabi) itu mudah, jika dia maunya di syar'i kan padahal tidak ada perintah atau larangan, dia bisa benci lambang, lagu dan Umaro.",in,[],[],104506743,104506743,yaTegak,Teguuh,6,23,https://twitter.com/yaTegak/status/1500259182309933056,[],[],0,,False,0,0,0,,larangan wahabi,,,,,,,[],,,,
1496800322341466115,1496800322341466115,1645699980000.0,2022-02-24 10:53:00,+0000,,"Belakangan ini gerakan wahabi intens di dunia maya.  Ini membahayakan bangsa dan toleransi yang tumbuh subur di Indonesia. Dimulai menyerang pemerintah dgn haram dan bid‚Äôah kpd  demokrasi, menghormat bendera, larangan menyanyikan Indonesia raya, pajak haram  https://t.co/77udOEK2Hl",in,[],[],708624329815142400,708624329815142400,sithiaisyah93,Siti Aisyah,4,10,https://twitter.com/sithiaisyah93/status/1496800322341466115,[],['https://pbs.twimg.com/media/FMWz9cxaIAA_km-.jpg'],1,https://pbs.twimg.com/media/FMWz9cxaIAA_km-.jpg,False,2,1,0,,larangan wahabi,,,,,,,[],,,,
1496329353877422080,1496019122089766912,1645587693000.0,2022-02-23 03:41:33,+0000,,"@RosairiRojalai @SitiNormaisara6 Wahabi telah difatwakan sesat oleh ramai negeri, sebahagian pula telah mengeluarkan larangan agar tak bergaduh bab khilaf yang selalu diangkat polemik oleh puak wahabi. Dan majoriti jabatan mufti enakmen negeri telah berpegang Asya'irah maturidiyyah, bukan wahabi",in,[],[],1376747341,1376747341,thelivingtr,living üå±üåøüçÄ,3,03,https://twitter.com/thelivingtr/status/1496329353877422080,[],[],0,,False,1,1,2,,larangan wahabi,,,,,,,"[{'screen_name': 'RosairiRojalai', 'name': 'Rosairi Rojalai', 'id': '99401704'}, {'screen_name': 'SitiNormaisara6', 'name': 'budak stpm', 'id': '936821137010434048'}]",,,,
1496134325234208768,1496010047604019201,1645541194000.0,2022-02-22 14:46:34,+0000,,"@QaisRafif @nashirr27 Tapi pengajian2, taklim2 kebanyakan menamakan dirinya ahlus Sunnah namun rasa kental wahabi!! Pengharaman tahlilan,dll.spt ajaran2 wahabi, larangan ucapan selamat ulang tahun,hari natal,dll.namun mrk mengaku itu Ahlus Sunnah Waljamaah! Dan wahabi asli disebut AS SUNNAH!",in,[],[],94804058,94804058,KaraengPudji,Z. Karaeng Pudji,2,14,https://twitter.com/KaraengPudji/status/1496134325234208768,[],[],0,,False,1,1,0,,larangan wahabi,,,,,,,"[{'screen_name': 'QaisRafif', 'name': 'Rafif Ardiensyah', 'id': '1208282288552738816'}, {'screen_name': 'nashirr27', 'name': 'rahman nashir', 'id': '1096987747468771328'}]",,,,
1495661005195870213,1495591642577117185,1645428346000.0,2022-02-21 07:25:46,+0000,,"@AnggikSudrajad @jalanlobang @Muhamma23161829 @UmarHasibuan777 Hahahaha Ustad yg menjunjung tinggi sunah rosul di bilang Wahabi  Tapi giliran ada ustad yg membiarkan pelacuran, dangdutan, dengan menjadikan itu sebuah saling toleransilu diemin aje  Aowkwkkw  Islam kok pengen bebas tanpa larangan di agama Islam  Tapi disebut liberal ora mau",in,[],[],1306627015735259142,1306627015735259142,to_beinh,need Friends,1,07,https://twitter.com/to_beinh/status/1495661005195870213,[],[],0,,False,2,1,0,,larangan wahabi,,,,,,,"[{'screen_name': 'AnggikSudrajad', 'name': 'Anggik Sudrajad', 'id': '1454453193253916690'}, {'screen_name': 'jalanlobang', 'name': 'sekarepku', 'id': '2316391506'}, {'screen_name': 'Muhamma23161829', 'name': 'Muhammad Asadur Rofik', 'id': '1363147604888936452'}]",,,,
1495644066540711936,1495620133360128001,1645424307000.0,2022-02-21 06:18:27,+0000,,"Haloo @setro_gm üòÉüëã Selamat membaca! ""Indonesia Darurat Wahabi   Banyak yg gagal fokus dlm kegaduhan soal wayang. Ada kelompok tertentu yg sengaja membawa sebatas pada persoalan halal haram dan larangan oleh kelompok mereka.  ...""  https://t.co/G91BK5y3qs",in,[],[],2674103198,2674103198,bacautas,Bacautas | Biar lebih enak dibaca,1,06,https://twitter.com/bacautas/status/1495644066540711936,['https://bacautas.com/1495620133360128001'],[],0,,False,1,0,1,,larangan wahabi,,,,,,,[],,,,
1495620133360128001,1495620133360128001,1645418601000.0,2022-02-21 04:43:21,+0000,,"Indonesia Darurat Wahabi   Banyak yg gagal fokus dlm kegaduhan soal wayang. Ada kelompok tertentu yg sengaja membawa sebatas pada persoalan halal haram dan larangan oleh kelompok mereka.  Padahal persoalan sebenarnya bukan di sana, dan jauh lbh berbahaya.  https://t.co/8QfeWs2xfO",in,[],[],1618934034,1618934034,AhlulQohwah,Ÿã,1,04,https://twitter.com/AhlulQohwah/status/1495620133360128001,[],['https://pbs.twimg.com/media/FMGClSUacAM1vMs.jpg'],1,https://pbs.twimg.com/media/FMGClSUacAM1vMs.jpg,False,134,17,52,,larangan wahabi,,,,,,,[],,,,
1493504986009182211,1493249379926425604,1644914311000.0,2022-02-15 08:38:31,+0000,,@JoniKoswara3 @detikcom Bukan porsinya seorang pengikut aliran wahabi seperti kalid basalamah berbicara agama Islam... Krn dia tidak berbicara dengan ilmu tapi dengan nafsu wahabi nya... Tidak ada dalam islam larangan wayang kulit...,in,[],[],1165963371004358656,1165963371004358656,Abdul71538662,Abdul,2,08,https://twitter.com/Abdul71538662/status/1493504986009182211,[],[],0,,False,0,1,0,,larangan wahabi,,,,,,,"[{'screen_name': 'JoniKoswara3', 'name': 'JoniKoswara', 'id': '1100289807987527681'}, {'screen_name': 'detikcom', 'name': 'detikcom', 'id': '69183155'}]",,,,
1493401024174116864,1493291691687952384,1644889524000.0,2022-02-15 01:45:24,+0000,,@djokoAdv Wahabi juga tidak mengakui pemrintahan tapi belum ada larangan dari pemerintah,in,[],[],1106869640955740160,1106869640955740160,C4H7O_2,üáÆüá©C4H7O_2üáÆüá©,2,01,https://twitter.com/C4H7O_2/status/1493401024174116864,[],[],0,,False,8,0,1,,larangan wahabi,,,,,,,"[{'screen_name': 'djokoAdv', 'name': 'OpinikuüÜò', 'id': '1189386665204125698'}]",,,,
1492299268644020224,1492146736831156227,1644626845000.0,2022-02-12 00:47:25,+0000,,@SanusiUndins @OposisiCerdas Karena ini... üëá  Pemerintah Aceh Barat telah mengeluarkan surat larangan aktivitas ajaran Wahabi Salafi yang selama ini dipusatkan di Musala Jabir Al-Ka‚Äôbiy tersebut.,in,[],[],496693483,496693483,satriadjenar,KARTADIMEDJA,6,00,https://twitter.com/satriadjenar/status/1492299268644020224,[],[],0,,False,2,2,1,,larangan wahabi,,,,,,,"[{'screen_name': 'SanusiUndins', 'name': 'Sanusi Undin', 'id': '1408756945591291907'}, {'screen_name': 'OposisiCerdas', 'name': 'OposisiCerdas.com', 'id': '887743587579944960'}]",,,,
1492298977047625730,1492146736831156227,1644626776000.0,2022-02-12 00:46:16,+0000,,@rochmanabdul43 @OposisiCerdas Sepakat. üëåüëç  Pemerintah Aceh Barat telah mengeluarkan surat larangan aktivitas ajaran Wahabi Salafi yang selama ini dipusatkan di Musala Jabir Al-Ka‚Äôbiy tersebut.,in,[],[],496693483,496693483,satriadjenar,KARTADIMEDJA,6,00,https://twitter.com/satriadjenar/status/1492298977047625730,[],[],0,,False,1,3,0,,larangan wahabi,,,,,,,"[{'screen_name': 'rochmanabdul43', 'name': 'üá¶üáß üá© üá∫üá±', 'id': '1711126574'}, {'screen_name': 'OposisiCerdas', 'name': 'OposisiCerdas.com', 'id': '887743587579944960'}]",,,,
1490614972849999876,1490263828571226117,1644225278000.0,2022-02-07 09:14:38,+0000,,@Roomans_86 @tukangrosok___ @msimsims Kaum Jahiliyah lg carikan penggalan Ayat2 utk pembenaran cium kaki Iblis Bahar &amp; Rizieq  Spt waktu adanya larangan dengerin Musik.. eeeh.. si Somad malah nyanyi2   Ajarane wong gendeng.... Sableng... Wahabi mentafsir ayat suka2 mereka...  ü§£ü§£ü§£ü§£,in,[],[],1328704546273521665,1328704546273521665,CahayaL80915016,Panji Pancasila üáÆüá©üáÆüá©üáÆüá©,1,09,https://twitter.com/CahayaL80915016/status/1490614972849999876,[],[],0,,False,1,0,0,,larangan wahabi,,,,,,,"[{'screen_name': 'Roomans_86', 'name': '¬ÆÔ∏è‚≠ï‚ìÇÔ∏èüÖ∞Ô∏èNS', 'id': '915408699610431489'}, {'screen_name': 'tukangrosok___', 'name': 'Tukang Rosok ‚ù§üíØüáÆüá©', 'id': '1387838579435458565'}, {'screen_name': 'msimsims', 'name': '¬∞‚Ä¢ üáÆüá©MSüáÆüá© ‚Ä¢¬∞', 'id': '114483264'}]",,,,
1485615298866999300,1485615298866999300,1643033263000.0,2022-01-24 14:07:43,+0000,,Aku buka video Muhaizad yang pasal zodiak tu. Orang yang tanya tu bagi hadis sahih pasal larangan percaya pada tilikan nasib. 3 minutes into video dia tak jelaskan lagi tapi dia distract kesalahan pada Wahabi üòÇ.,in,[],[],636245424,636245424,ibn_ayob,Zahir üè¥‚Äç‚ò†Ô∏è,1,14,https://twitter.com/ibn_ayob/status/1485615298866999300,[],[],0,,False,4,0,0,,larangan wahabi,,,,,,,[],,,,
1484559978925281282,1484559978925281282,1642781655000.0,2022-01-21 16:14:15,+0000,,"Wahabi goblok, tidak ada larangan menyimpan foto orang yang meninggal apalagi siksa bagi yang sudah meninggal karena foto... Sekali lagi ini ajaran Wahabi goblok...  https://t.co/6rwVKosIxC",in,[],[],761812166051704832,761812166051704832,bustomiarisandi,Bustomi Arisandi,5,16,https://twitter.com/bustomiarisandi/status/1484559978925281282,[],['https://pbs.twimg.com/media/FJo3bYWaIAIDUIT.jpg'],1,https://pbs.twimg.com/media/FJo3bYWaIAIDUIT.jpg,False,3,0,0,,larangan wahabi,,,,,,,[],,,,
1482352189167517696,1482352189167517696,1642255277000.0,2022-01-15 14:01:17,+0000,,Hadis Nabi Jadi Hadis Wahabi? Bab Larangan Menjadikan Kubur Sebagai Masj...  https://t.co/azMtvELTMI via @YouTube,in,[],[],1451685902300839939,1451685902300839939,suara_sunnah,Suara Sunnah Channel,6,14,https://twitter.com/suara_sunnah/status/1482352189167517696,['https://youtu.be/S9mub5Ow4o4'],[],0,,False,2,0,0,,larangan wahabi,,,,,,,[],,,,
1481577782748807173,1481577782748807173,1642070644000.0,2022-01-13 10:44:04,+0000,,"Larangan menafsirkan Alquran serampangan  KH.ABBAS FUAD HASYIM,  Pondok Pesantren Buntet Cirebon Jawa barat  Jangan seperti kebanyakan salafi wahabi yang menafsirkan cuma dari ayat dan terjemahan  ‚òïÔ∏èüåπ  https://t.co/Hqsyp3SxEi",in,[],[],925562635289952256,925562635289952256,sayid__machmoed,Sayid Machmoed BSA,4,10,https://twitter.com/sayid__machmoed/status/1481577782748807173,[],[],1,https://pbs.twimg.com/ext_tw_video_thumb/1481577740927401987/pu/img/bhIyMJ6om5BsxqRi.jpg,False,49,0,13,https://twitter.com/sayid__machmoed/status/1481477615768973318,larangan wahabi,,,,,,,[],,,,
1480883425980542976,1480579931587301381,1641905096000.0,2022-01-11 12:44:56,+0000,,@edhi_shi Literaturnya ada di mana mas ? Setahu saya sesajen adalah tradisi leluhur nusantara utk berterima kasih kpd alam. Jadi tdk perlu kaum salafi wahabi membentur2kan dgn agama. Yang tdk akan pernah keotakan sama mereka kalau cari dalil. Larangan dalilnya mana tdk boleh buat sesajen?,in,[],[],62468709,62468709,NyiMasRuminah,BubarkanPK$ #FNI #TT,2,12,https://twitter.com/NyiMasRuminah/status/1480883425980542976,[],[],0,,False,1,1,0,,larangan wahabi,,,,,,,"[{'screen_name': 'edhi_shi', 'name': 'Edu', 'id': '3224016240'}]",,,,
1479494421120892930,1479396707955662849,1641573932000.0,2022-01-07 16:45:32,+0000,,@Lady_Zeebo Wahabi Koplak ü§£ü§£ü§£ü§£ü§£ Perlu Ada Larangan Dari Pemerintah,in,[],[],1435977941058396163,1435977941058396163,GimbalJagung12,BOCAH„Åè„Ç≥:ÂΩ°LAMONGANüáÆüá©¬ÆÔ∏è‚ô•Ô∏è,5,16,https://twitter.com/GimbalJagung12/status/1479494421120892930,[],[],0,,False,0,0,0,,larangan wahabi,,,,,,,"[{'screen_name': 'Lady_Zeebo', 'name': 'Lady Zeebo | Instagram @Lady_Zeboo |', 'id': '2254408218'}]",,,,
1465520054909370368,1465520054909370368,1638242183000.0,2021-11-30 03:16:23,+0000,,Kalau orang bagi ceramah atau larangan bersandarkan hadis pastu kita minta nas automatically jadi WAHABI eh?,in,[],[],2574715507,2574715507,khairi__rahim,Erry,2,03,https://twitter.com/khairi__rahim/status/1465520054909370368,[],[],0,,False,0,1,0,,larangan wahabi,,,,,,,[],,,,
1464836077152210949,1464836077152210949,1638079110000.0,2021-11-28 05:58:30,+0000,,"Sebar hadis palsu boleh jadi ulama. Sebar hadis sahih jadi wahabi.  Tidak beramal dengan hadis dhaif JIDDAN jadi wahabi. Tolak larangan dalam hadis sahih muttafaq alaih jadi ahli sunnah.  MashaAllah, ini rupanya ahli sunnah akhir zaman.",in,[],[],476845288,476845288,RizzuanAmir1,Rizzuan Amir üá≤üáæüáµüá∏,7,05,https://twitter.com/RizzuanAmir1/status/1464836077152210949,[],[],0,,False,160,0,59,,larangan wahabi,,,,,,,[],,,,
1463788417523728392,1463767972644753410,1637829329000.0,2021-11-25 08:35:29,+0000,,"@mihrabku Lucu banget itu twitnya, perasaan wahabi itu lahirnya stelah era nabi (stlh nabi wafat) kok bisa menisbatkan larangan mengikuti wahabi pd nabi??",in,[],[],1202075086909558784,1202075086909558784,miavita_store,MiaVita,4,08,https://twitter.com/miavita_store/status/1463788417523728392,[],[],0,,False,0,0,0,,larangan wahabi,,,,,,,"[{'screen_name': 'mihrabku', 'name': 'Effendi', 'id': '1344446501112565761'}]",,,,
1455661237128220673,1455630406988877834,1635891658000.0,2021-11-02 22:20:58,+0000,,@BuRt0401 @CrbSira @AriHend95106868 @SBYudhoyono @rockygerung_rg @MardaniAliSera @saipuljamil @MayoClinic @MayoClinicME @MayoClinicHS @PDemokrat @Dr_Moeldoko @AgusYudhoyono @UAS_AbdulSomad @cholilnafis @MUIPusat Cape d  Lama2 murtad juga ni @SBYudhoyono ikut Sukmawati  Kebanyakan larangan yg aneh2 Wahabi Salafi jihadis ini,in,[],[],332253511,332253511,_SEKNAS_RI,| SEKNAS RI‚Ñ¢ |,2,22,https://twitter.com/_SEKNAS_RI/status/1455661237128220673,[],[],0,,False,3,1,1,,larangan wahabi,,,,,,,"[{'screen_name': 'CrbSira', 'name': 'D I L A N', 'id': '1247785844280180737'}, {'screen_name': 'AriHend95106868', 'name': '·¥Ä Ä…™  ú·¥á…¥·¥Ö Ä·¥ÄüáÆüá©üáÆüá©', 'id': '1340154951989792768'}, {'screen_name': 'SBYudhoyono', 'name': 'S. B. Yudhoyono', 'id': '1307120064'}, {'screen_name': 'rockygerung_rg', 'name': 'RG', 'id': '1058697273809326080'}, {'screen_name': 'MardaniAliSera', 'name': 'Mardani Ali Sera', 'id': '122020937'}, {'screen_name': 'saipuljamil', 'name': 'wedhus Gembel', 'id': '116661698'}, {'screen_name': 'MayoClinic', 'name': 'Mayo Clinic', 'id': '14592723'}, {'screen_name': 'MayoClinicME', 'name': 'Mayo Clinic ME', 'id': '383713849'}, {'screen_name': 'MayoClinicHS', 'name': 'MayoClinicHealthSystem', 'id': '21888985'}, {'screen_name': 'PDemokrat', 'name': 'Partai Demokrat', 'id': '248199104'}, {'screen_name': 'Dr_Moeldoko', 'name': 'Dr.H.Moeldoko', 'id': '976704867468062720'}, {'screen_name': 'AgusYudhoyono', 'name': 'Agus Harimurti Yudhoyono (AHY)', 'id': '842986784'}, {'screen_name': 'UAS_AbdulSomad', 'name': 'Ustadz Abdul Somad', 'id': '1472481919224860673'}, {'screen_name': 'cholilnafis', 'name': 'cholil nafis', 'id': '262146748'}, {'screen_name': 'MUIPusat', 'name': 'Majelis Ulama Indonesia', 'id': '918988151925850112'}]",,,,
1452952982086057984,1452939905672175617,1635245960000.0,2021-10-26 10:59:20,+0000,,@wajahsementara Terus ada larangan lantas si Anjing harus di siksa sampai mati ? Ajaran agama apa itu ? Seorg pelacur memberi air minum ke anjing aja masuk surga . Doktrin wahabi emang kejam !,in,[],[],1284754481192726528,1284754481192726528,balaputra_deva,‡º∫“ö—îŒ∑ ≈ö…ës—ÇrœÉ‡ºª,2,10,https://twitter.com/balaputra_deva/status/1452952982086057984,[],[],0,,False,1,1,0,,larangan wahabi,,,,,,,"[{'screen_name': 'wajahsementara', 'name': 'Wajah sementara', 'id': '3016454906'}]",,,,
1450240232989728768,1450228882703982595,1634599190000.0,2021-10-18 23:19:50,+0000,,"@hnurwahid Kalo tidak ada Perintah dan Larangan nya, kenapa ada yang menghukumi Bid'ah yang pelukanya diancam Neraka ya Ustadz.... ??? Seolah pelakunya berdosa besar sebagaimana dosa syirik,durhaka pada kedua orang tua, membunuh orang tanpa haq, berzina dll... üôàüôàüôà fatwa WAHABI",in,[],[],1314579997131038720,1314579997131038720,Izhars8,Izhars,1,23,https://twitter.com/Izhars8/status/1450240232989728768,[],[],0,,False,4,8,0,,larangan wahabi,,,,,,,"[{'screen_name': 'hnurwahid', 'name': 'Hidayat Nur Wahid', 'id': '86012022'}]",,,,
1449908319531929601,1449861802150404097,1634520056000.0,2021-10-18 01:20:56,+0000,,"@kageiregey @kumparan @saidaqil Cb deh, klo mentri agamny wahabi,  Bklan ad larangan maulid, isra' mikraj, ü§≠ Rokok haram,  Dll...",in,[],[],1324702213235642369,1324702213235642369,DenDjaka14,Den Djaka,1,01,https://twitter.com/DenDjaka14/status/1449908319531929601,[],[],0,,False,0,0,0,,larangan wahabi,,,,,,,"[{'screen_name': 'kumparan', 'name': 'kumparan', 'id': '759692754985242625'}, {'screen_name': 'saidaqil', 'name': 'Said Aqil Siroj', 'id': '137692534'}]",,,,
1445917611074621440,1445678954979860484,1633568596000.0,2021-10-07 01:03:16,+0000,,"@akun__recehan keker aja bang, kalau yg wahabi ketahuan nonton tv atau dengan radio, selepet aja pake karetü§£ü§£, kalau protest tunjukin aja larangan dari ustad wahabi",in,[],[],1282317290797625344,1282317290797625344,Untung51440057,Untung,4,01,https://twitter.com/Untung51440057/status/1445917611074621440,[],[],0,,False,1,0,0,,larangan wahabi,,,,,,,[],,,,
1445776852841218060,1445715489934635016,1633535037000.0,2021-10-06 15:43:57,+0000,,@sontoloyo90 @skrmvnla_ @tubirfess Mas ayat2 itu bukan larangan. Muslimah itu tidak dilarang untuk bekerja apalgi keluar rumah.   Kalo anda orang wahabi salafi baca   https://t.co/i5fCrq3iXb  Bekerja artinya jg bisa keluar rumah.,in,[],[],474423075,474423075,hoca_911,Hoca üáÆüá© üáµüá∏ #FreePalestine,3,15,https://twitter.com/hoca_911/status/1445776852841218060,['https://konsultasisyariah.com/520-bolehkah-wanita-bekerja.html'],[],0,,False,0,0,0,,larangan wahabi,,,,,,,"[{'screen_name': 'sontoloyo90', 'name': 'inos', 'id': '1371876635331362818'}, {'screen_name': 'skrmvnla_', 'name': 'heyyo!', 'id': '1246910972779876352'}, {'screen_name': 'tubirfess', 'name': 'BREAKING TUB!', 'id': '865777701671415808'}]",,,,
1437933348102369280,1437933348102369280,1631665000000.0,2021-09-15 00:16:40,+0000,,"Heboh Larangan Wisata ke Candi Borobudur karena Haram, Eko Kuntadhi: Gerombolan Wahabi Mikirnya Kacau -  https://t.co/2Zb3Z3mkcQ",in,[],[],2860355641,2860355641,BentengSumbar,BentengSumbar.com,3,00,https://twitter.com/BentengSumbar/status/1437933348102369280,['https://www.bentengsumbar.com/2021/09/heboh-larangan-wisata-ke-candi.html'],[],0,,False,2,0,1,,larangan wahabi,,,,,,,[],,,,
1437214482220994561,1437207293976735744,1631493609000.0,2021-09-13 00:40:09,+0000,,"Itu krn musik dianggap sesuatu yg melalaikan dari mengingat Allah. Melaksanakan sholat 5 waktu dianggap blm cukup, shg perlu ditambah dgn larangan mendengar musik. Bbrp ustadz Wahabi-Salafi jg melarang musik dan alat musik. Yg gak disangka adlh mrk mengajarkan hal ini ke anak¬≤.üò§",in,[],[],453931027,453931027,rizieqdivist,üçåùìóùì™ùì´ùì≤ùì´ùì™ùì∑ùì™ùì∑ùì™‚Ñ¢üçå,1,00,https://twitter.com/rizieqdivist/status/1437214482220994561,[],[],0,,False,7,3,0,,larangan wahabi,,,,,,,[],,,,
1426350959777644552,1426350957789532163,1628903543000.0,2021-08-14 01:12:23,+0000,,"Dengan faham apa itu bid'ah, maka insyaAllah akan faham agama ini ialah ketaatan pada suruhan dan larangan, bukan buat apa yg kita rasa baik.  Malangnya ada penceramah yg tak pernah ajar pasal bahaya bid'ah melainkan dlm konteks mencemuh wahabi. Malang seribu malang.",in,[],[],527362575,527362575,syazanisatri,·¥Ä ü-·¥ä…™·¥õ Ä·¥Ä·¥°…™ üïäÔ∏èüáµüá∏,6,01,https://twitter.com/syazanisatri/status/1426350959777644552,[],[],0,,False,13,0,0,,larangan wahabi,,,,,,,[],,,,
1420719764851150850,1420719764851150850,1627560962000.0,2021-07-29 12:16:02,+0000,,Cop orang wahabi jelah diorang ni. Tak makan bro senjata wahabi tu. Zaman dulu bolehlah nak guna tapi ni zaman semua informasi boleh dapat dalam internet jer. Bahkan ada hadis larangan lelaki pakai gelang. Takkan ko nak langgar hadith nabi?,in,[],[],1392457293451522051,1392457293451522051,JustZKWN,ÿ•ÿ®ŸÄŸÜ ÿ≤ŸéŸáŸÄÿßÿ±ŸêŸä,4,12,https://twitter.com/JustZKWN/status/1420719764851150850,[],[],0,,False,0,0,0,https://twitter.com/ZahidMuiz/status/1420714108257587201,larangan wahabi,,,,,,,[],,,,
1413435349787758596,1413410899960893443,1625824222000.0,2021-07-09 09:50:22,+0000,,"@KigundulG @__K3raSakti__ @KontanNews Beda sumber bukunya ya, yg aq baca sih mrk bermazhab Hanafi yg tekstual üôè Tp apa mungkin juga ada larangan dr aliran Wahabi ?",in,[],[],888421316319039489,888421316319039489,Valhallaah,Frida ‚öòÔ∏è üôè,5,09,https://twitter.com/Valhallaah/status/1413435349787758596,[],[],0,,False,0,0,0,,larangan wahabi,,,,,,,"[{'screen_name': 'KigundulG', 'name': 'Kigundul gandul', 'id': '1363740046319259648'}, {'screen_name': 'KontanNews', 'name': 'KONTAN NEWS', 'id': '43799886'}]",,,,
1403834162616832002,1403506617841197058,1623535121000.0,2021-06-12 21:58:41,+0000,,"@kennol61 Selama gerombolan makhluk kadrun otak sungsang korengan eksis dan didiamkan sj, maka Indonesia akan sulit maju dan bhkn akan terancam bubrah.  Harus diterbitkan TAP MPR tentang larangan paham IM dgn wahabi dan khilafucknya.",in,[],[],960771537581191168,960771537581191168,caklis4,Seven_Eleven,6,21,https://twitter.com/caklis4/status/1403834162616832002,[],[],0,,False,0,0,0,,larangan wahabi,,,,,,,[],,,,
1403498566450958337,1403498566450958337,1623455108000.0,2021-06-11 23:45:08,+0000,,Larangan shalat berjamaah dengan Imam wahabi salafi.  https://t.co/lUOfOjB94V lewat @YouTube,in,[],[],918295833673588736,918295833673588736,azizichasbulloh,Azizichasbulloh,5,23,https://twitter.com/azizichasbulloh/status/1403498566450958337,['https://youtu.be/VLCKq7NtBEc'],[],0,,False,0,0,0,,larangan wahabi,,,,,,,[],,,,
1402778543906430978,1402767588459876354,1623283441000.0,2021-06-10 00:04:01,+0000,,"@maspiyuaja Kesempatan peningkatan dan kemajuan teknologi pupus pada zaman megawati karena dia mematikan IPTN yg sedang berkembang. Deal dengan presiden AS bush menjadikan Indonesia negara memusuhi Islam dengan larangan faham wahabi AS beri bantuan, tapi teknologi, kemandirian bangsa punah.",in,[],[],1324247400802738178,1324247400802738178,FananieZamri,Zamri Fananie,4,00,https://twitter.com/FananieZamri/status/1402778543906430978,[],[],0,,False,0,0,1,,larangan wahabi,,,,,,,"[{'screen_name': 'maspiyuaja', 'name': 'Mas Piyu', 'id': '1350872548620201985'}]",,,,
1401801035144785921,1401801035144785921,1623050385000.0,2021-06-07 07:19:45,+0000,,Kalau dah benci yang teramat sangat tu semua isu nak di laqabkan wahabi. Hadis pasal larangan pengukir/gambar yang ada khilaf pun nak burukkan ulama Saudi konon katanya ambik mafhum literal. Sedangkan ulama Deobandi kebanyakannya mengharamkan gambar/video takde pula nak wahabikan,in,[],[],839765851,839765851,GajahGemulong,Ÿàÿßÿ∏ŸÅ,1,07,https://twitter.com/GajahGemulong/status/1401801035144785921,[],[],0,,False,64,1,14,,larangan wahabi,,,,,,,[],,,,
1398859167524278277,1398775539243130881,1622348989000.0,2021-05-30 04:29:49,+0000,,@aziz_miring @Ayang_Utriza Gak bisa. Karna pernyataan dia tentang larangan nyanyi lagu kebangsaan tuh berbahaya dan membahayakan.. menggiring opini. Sungguh sangat berbahaya. Pemahaman salafi wahabi di indo harus disingkirkan demi keberlangsungan generasi muda mencintai tanah airnya sendiri,in,[],[],3189582750,3189582750,dezoelp,zuy,7,04,https://twitter.com/dezoelp/status/1398859167524278277,[],[],0,,False,10,4,2,,larangan wahabi,,,,,,,"[{'screen_name': 'aziz_miring', 'name': 'ngashim', 'id': '69225472'}, {'screen_name': 'Ayang_Utriza', 'name': 'Ayang Utriza Yakin', 'id': '184007180'}]",,,,
1398522346017746944,1398467282465181699,1622268685000.0,2021-05-29 06:11:25,+0000,,@detikcom Waspada sma golongan mereka salafi n Wahabi !!! Sdikit¬≤ mulai kebongkar kedok nya sbgai contohnya ya ini larangan menyanyikan lagu Indonesia raya,in,[],[],329100800,329100800,MBladeilham,m.ilham.desfiansyah,6,06,https://twitter.com/MBladeilham/status/1398522346017746944,[],[],0,,False,0,1,0,,larangan wahabi,,,,,,,"[{'screen_name': 'detikcom', 'name': 'detikcom', 'id': '69183155'}]",,,,
1397372712171966464,1397220231496486915,1621994591000.0,2021-05-26 02:03:11,+0000,,"@Luckyboy888 Tidak akan pakk .Indonesia mayoritas NU, suka pake pengeras suara. Kalau saudi itu wahabi salafi jenggot panjang jidat hitam, memang dalam ajarannya ada larangan mengeraskan suara dzikir, dll.",in,[],[],1246000054298505216,1246000054298505216,thegreatcr7x,honest blackburn rovers fan,3,02,https://twitter.com/thegreatcr7x/status/1397372712171966464,[],[],0,,False,0,1,0,,larangan wahabi,,,,,,,"[{'screen_name': 'Luckyboy888', 'name': 'JackCarTa Herman üáÆüá©', 'id': '205501344'}]",,,,
1388884972740571137,1388884972740571137,1619970956000.0,2021-05-02 15:55:56,+0000,,"Krn itu seperti disarankan Kiai2 hingga Ketum PBNU, salafi wahabi itu baiknya juga dilarang di mana2 seperti hizb ut tahrir dan ikhwan al muslimin. SW akar laten nya, HT dan IM itu manifest nya. Seperti komunisme dan PKI. UU larangan komunisme perlu direvisi utk ditambahkan SW.",in,[],[],780095616382672897,780095616382672897,KolonelTarzan,Obrolan Warung Kopi üáÆüá©,7,15,https://twitter.com/KolonelTarzan/status/1388884972740571137,[],[],0,,False,1,0,0,,larangan wahabi,,,,,,,[],,,,
